track_id,genre,processed_path,tempo,duration_seconds,rms_mean,rms_std,zero_crossing_rate_mean,zero_crossing_rate_std,spectral_centroid_mean,spectral_centroid_std,spectral_bandwidth_mean,spectral_bandwidth_std,spectral_rolloff_mean,spectral_rolloff_std,onset_strength_mean,onset_strength_std,chroma_01_mean,chroma_01_std,chroma_02_mean,chroma_02_std,chroma_03_mean,chroma_03_std,chroma_04_mean,chroma_04_std,chroma_05_mean,chroma_05_std,chroma_06_mean,chroma_06_std,chroma_07_mean,chroma_07_std,chroma_08_mean,chroma_08_std,chroma_09_mean,chroma_09_std,chroma_10_mean,chroma_10_std,chroma_11_mean,chroma_11_std,chroma_12_mean,chroma_12_std,mfcc_01_mean,mfcc_01_std,mfcc_02_mean,mfcc_02_std,mfcc_03_mean,mfcc_03_std,mfcc_04_mean,mfcc_04_std,mfcc_05_mean,mfcc_05_std,mfcc_06_mean,mfcc_06_std,mfcc_07_mean,mfcc_07_std,mfcc_08_mean,mfcc_08_std,mfcc_09_mean,mfcc_09_std,mfcc_10_mean,mfcc_10_std,mfcc_11_mean,mfcc_11_std,mfcc_12_mean,mfcc_12_std,mfcc_13_mean,mfcc_13_std
1482,Electronic,data/processed/1482.wav,198.76802884615384,30.0,0.3026818335056305,0.12678410112857819,0.015567177220394737,0.008851293325843751,724.8474391028171,383.17329746286583,1508.3799928584351,544.3604123410246,1185.7178301264996,1216.1983750250865,2.22365403175354,2.8802270889282227,0.2551572918891907,0.21412241458892822,0.24739901721477509,0.1997777372598648,0.38990139961242676,0.36700621247291565,0.44060125946998596,0.4233545660972595,0.40506237745285034,0.38034915924072266,0.389442503452301,0.33290034532546997,0.3859756886959076,0.20324395596981049,0.615513026714325,0.3883971869945526,0.35115301609039307,0.21948054432868958,0.21399953961372375,0.20019148290157318,0.38499924540519714,0.39335131645202637,0.37119051814079285,0.36207783222198486,-230.1227264404297,75.31246948242188,135.0287322998047,33.4918327331543,39.370792388916016,27.099538803100586,33.81739044189453,11.117551803588867,17.274463653564453,9.511218070983887,22.43024253845215,8.129589080810547,12.370438575744629,9.252959251403809,9.193639755249023,7.070652961730957,8.178954124450684,9.376753807067871,11.492171287536621,9.054354667663574,3.5974771976470947,8.307938575744629,2.687666177749634,6.085018634796143,-3.8560149669647217,6.497427940368652
3573,Electronic,data/processed/3573.wav,89.10290948275862,30.0,0.22627924382686615,0.04764983803033829,0.182756642439048,0.07346119561176861,3305.134937758019,607.9970358488146,2920.43495985683,154.75604530345254,6976.86614517826,755.2513093033175,1.0383588075637817,0.9710346460342407,0.5231149792671204,0.24503742158412933,0.3909072279930115,0.16251207888126373,0.656707763671875,0.26616421341896057,0.4447208642959595,0.17934030294418335,0.5408388376235962,0.24033918976783752,0.44125914573669434,0.20045632123947144,0.48875725269317627,0.1874505579471588,0.7113618850708008,0.2534489631652832,0.5040414333343506,0.23098035156726837,0.5727343559265137,0.2566252052783966,0.37601399421691895,0.14902302622795105,0.5656542778015137,0.23622995615005493,32.56877899169922,32.38935852050781,61.41160583496094,20.885591506958008,3.885009765625,8.681612968444824,17.004318237304688,6.985632419586182,-2.4795525074005127,5.7168755531311035,5.646702289581299,5.1533894538879395,-4.312638759613037,5.058337688446045,2.2035460472106934,4.674928665161133,-4.9278411865234375,4.832634925842285,0.05109265074133873,4.666687965393066,-6.4414849281311035,4.991572380065918,-0.23498180508613586,4.975677490234375,-5.147768020629883,4.496491432189941
4519,Electronic,data/processed/4519.wav,95.703125,30.0,0.18649518489837646,0.06668863445520401,0.05613344741679566,0.01905083606683676,1551.546429388018,384.891725683129,2189.524475515931,306.15037899915853,3431.5042501632643,1347.7701076924707,1.3041737079620361,0.8847700953483582,0.17049530148506165,0.17396649718284607,0.1646762639284134,0.17196747660636902,0.3120945394039154,0.26124975085258484,0.30537495017051697,0.275400310754776,0.24120904505252838,0.2376323938369751,0.2612416744232178,0.2705918252468109,0.24490141868591309,0.17406120896339417,0.6404668688774109,0.3658544421195984,0.35967394709587097,0.20472455024719238,0.4109005331993103,0.2760254740715027,0.5880146026611328,0.38636207580566406,0.2938386797904968,0.21230770647525787,-110.65656280517578,37.43644332885742,124.6846694946289,16.8023624420166,15.264979362487793,12.374013900756836,20.79759407043457,11.221784591674805,0.6790472269058228,9.831100463867188,14.45182991027832,10.32557201385498,-8.538273811340332,9.677770614624023,11.823219299316406,8.687457084655762,-3.7125930786132812,8.343865394592285,18.311573028564453,7.175518989562988,-6.041089057922363,7.2611799240112305,-1.9047658443450928,7.380623817443848,-10.062212944030762,6.140143871307373
4520,Electronic,data/processed/4520.wav,151.99908088235293,30.0,0.1525326371192932,0.05965820327401161,0.0644274259868421,0.03214597027966545,1800.2601786986468,613.1599648071128,2195.9468324284003,441.5527425922473,3978.400943153783,1582.1547633745056,1.3590201139450073,1.1132171154022217,0.27665451169013977,0.2627532482147217,0.25576722621917725,0.27308517694473267,0.26539361476898193,0.23230144381523132,0.5161628127098083,0.310432106256485,0.46109461784362793,0.2651446759700775,0.5035936236381531,0.3718666732311249,0.2902325391769409,0.21630848944187164,0.30293893814086914,0.2050781399011612,0.6078212261199951,0.3479127585887909,0.32717910408973694,0.22145748138427734,0.2531280815601349,0.27268993854522705,0.24701574444770813,0.2596193552017212,-115.46074676513672,47.54665756225586,113.09310913085938,28.708194732666016,0.1443832963705063,14.263204574584961,25.11353874206543,12.190469741821289,-4.4980854988098145,10.684207916259766,14.764524459838867,9.09385871887207,-2.952073335647583,8.869401931762695,3.6555893421173096,11.474089622497559,-0.6128727197647095,9.597234725952148,14.988844871520996,7.8011088371276855,-0.12323527038097382,7.367137908935547,-1.2981582880020142,6.689497947692871,-6.896852493286133,7.713560104370117
4521,Electronic,data/processed/4521.wav,129.19921875,30.0,0.1636386513710022,0.08036752045154572,0.05032660422310371,0.030050704686602262,1498.8925756387246,693.7037097624739,2122.8153484995714,623.0034803417504,3323.9965669141834,2079.9233495519316,1.664693832397461,1.9368335008621216,0.5608289241790771,0.34615209698677063,0.39657098054885864,0.2313748002052307,0.48509734869003296,0.31939780712127686,0.32333657145500183,0.21605686843395233,0.3189868628978729,0.2446664422750473,0.25338906049728394,0.20717965066432953,0.36194366216659546,0.21761272847652435,0.623035728931427,0.3107772171497345,0.47570478916168213,0.2699161767959595,0.4739989638328552,0.317206472158432,0.4538709223270416,0.3107086718082428,0.49898773431777954,0.3146377205848694,-145.87850952148438,56.35979080200195,129.6456756591797,28.68939971923828,12.600427627563477,20.344188690185547,20.086332321166992,16.85997200012207,9.471043586730957,11.975461959838867,15.001026153564453,10.376531600952148,6.143871307373047,9.719024658203125,9.144845008850098,8.460256576538086,-1.9247585535049438,8.795928955078125,12.266463279724121,9.034111976623535,0.28593912720680237,7.448898792266846,4.485723495483398,6.9058756828308105,-1.1855601072311401,7.418718338012695
4522,Electronic,data/processed/4522.wav,95.703125,30.0,0.22438384592533112,0.0833091288805008,0.04074049438854489,0.023695883770516974,1187.9806679199858,353.620939396963,1639.9825497644692,296.94984097751416,2430.8019679397253,750.2003165907594,1.4898148775100708,1.352604866027832,0.3481205701828003,0.22689908742904663,0.3671732544898987,0.28967633843421936,0.37007614970207214,0.2571343779563904,0.46780169010162354,0.31908538937568665,0.37242892384529114,0.1838647574186325,0.35222023725509644,0.19561657309532166,0.4376053512096405,0.2521229088306427,0.521573007106781,0.24946485459804535,0.6583495736122131,0.30355575680732727,0.722537100315094,0.31992435455322266,0.5632227659225464,0.27082952857017517,0.4689779281616211,0.2809526324272156,-107.95184326171875,45.475128173828125,152.1612548828125,16.684967041015625,-18.553546905517578,17.415422439575195,34.102943420410156,13.130730628967285,6.65558385848999,7.501584053039551,15.1705322265625,7.774716854095459,6.370790481567383,8.552464485168457,7.682048797607422,7.381237983703613,0.21089951694011688,7.837514877319336,3.506013870239258,9.100102424621582,1.522674798965454,6.968845367431641,5.497671604156494,9.825575828552246,4.550249099731445,7.14768123626709
7011,Electronic,data/processed/7011.wav,123.046875,30.0,0.20083816349506378,0.035205014050006866,0.0839076558871904,0.008748858929664758,1201.8904050988942,90.773904948974,1360.0291229823654,108.16210611857352,1744.0311207490809,294.4235350120088,0.9626301527023315,0.328450471162796,0.1594580113887787,0.0708400160074234,0.22167806327342987,0.15262256562709808,0.6567415595054626,0.31842800974845886,0.2660020887851715,0.1226346418261528,0.5032222867012024,0.31322017312049866,0.20469892024993896,0.13233815133571625,0.05779612436890602,0.03880252316594124,0.058356836438179016,0.051113348454236984,0.24570339918136597,0.20374695956707,0.5062811374664307,0.3141292333602905,0.25577202439308167,0.11680802702903748,0.6077969670295715,0.3552854657173157,-112.0445785522461,17.063657760620117,168.83193969726562,9.737342834472656,-32.56583023071289,10.814947128295898,-11.695564270019531,7.608208656311035,-13.645551681518555,8.107172966003418,11.799905776977539,7.6517558097839355,24.486602783203125,10.561067581176758,23.402463912963867,6.917746067047119,-0.08199737966060638,7.231225490570068,5.156741619110107,6.238762378692627,-0.6224508881568909,5.197041034698486,7.13709831237793,5.90411901473999,0.5974011421203613,5.648952484130859
11206,Electronic,data/processed/11206.wav,89.10290948275862,30.0,0.1740405410528183,0.1063639223575592,0.08493145922020123,0.07573414502922617,2065.7653987840063,1054.7485345212588,2370.5539619343617,666.2929900390232,4248.824307940693,2391.299228785518,1.7564810514450073,2.5029704570770264,0.5149040818214417,0.3535967469215393,0.37270599603652954,0.27553239464759827,0.35309484601020813,0.28923502564430237,0.3917243778705597,0.2615528404712677,0.505003035068512,0.31398412585258484,0.36488425731658936,0.2881432771682739,0.2624744176864624,0.2008042186498642,0.2772566080093384,0.20573990046977997,0.3816814720630646,0.2303137630224228,0.6162065863609314,0.3540585935115814,0.4041512906551361,0.2243129163980484,0.4108871519565582,0.26836097240448,-142.15501403808594,88.65140533447266,96.84508514404297,41.58448028564453,20.33197021484375,44.167686462402344,26.22394371032715,22.171232223510742,13.378697395324707,12.30036735534668,10.545896530151367,22.497060775756836,-3.9608168601989746,11.606531143188477,3.0938637256622314,10.528491973876953,0.6033030152320862,9.030501365661621,0.9070377945899963,8.063859939575195,-3.375142812728882,7.283065319061279,-1.8414287567138672,8.197013854980469,-6.493032455444336,9.50588321685791
11262,Electronic,data/processed/11262.wav,135.99917763157896,30.0,0.27850762009620667,0.15195685625076294,0.07629734665247678,0.04930836939118795,1949.8029102720684,949.3810255686792,2229.1349305736994,707.9622578082066,4115.266782211445,2268.9671835579647,1.9726911783218384,2.567101001739502,0.45905572175979614,0.3482556939125061,0.3065601885318756,0.24059973657131195,0.31678155064582825,0.3067900240421295,0.22531232237815857,0.15819676220417023,0.34848102927207947,0.305223286151886,0.2264702320098877,0.18682952225208282,0.3407054543495178,0.28804177045822144,0.40811535716056824,0.327921599149704,0.34959179162979126,0.31381815671920776,0.4530349671840668,0.3677387237548828,0.39411935210227966,0.2714824378490448,0.619149386882782,0.33726367354393005,-112.3829345703125,64.97992706298828,101.50605010986328,42.18507385253906,-7.1189727783203125,26.92766571044922,12.306556701660156,24.26481819152832,28.478557586669922,17.584821701049805,18.98506736755371,13.605339050292969,0.9460552930831909,14.991338729858398,15.944568634033203,15.238597869873047,-1.3065102100372314,13.078168869018555,3.443883180618286,10.578096389770508,-5.338490962982178,10.583587646484375,-0.6145660877227783,11.904275894165039,-1.8168519735336304,11.36191463470459
11942,Electronic,data/processed/11942.wav,161.4990234375,30.0,0.1916169375181198,0.05763799324631691,0.19736010666602166,0.06607711559071296,3638.532980331371,617.4106702555682,2654.3011291426537,310.30186996098234,6686.184569556646,1057.9785597442763,1.232283592224121,1.3944200277328491,0.6872518062591553,0.230127215385437,0.4710194170475006,0.16952607035636902,0.45603206753730774,0.21568621695041656,0.41854557394981384,0.22658248245716095,0.5189902186393738,0.19203580915927887,0.8041718006134033,0.27936485409736633,0.51468425989151,0.20890440046787262,0.44113725423812866,0.21643874049186707,0.513958215713501,0.279649943113327,0.5297322273254395,0.26817139983177185,0.5547953248023987,0.295970618724823,0.5543327331542969,0.25130075216293335,-15.151471138000488,59.15464782714844,29.1732120513916,22.067947387695312,-16.098058700561523,22.08608627319336,37.456607818603516,17.912906646728516,4.908649444580078,12.522229194641113,19.661348342895508,10.337467193603516,3.174570322036743,11.211642265319824,18.033632278442383,10.962944030761719,3.0954666137695312,8.068488121032715,9.61847972869873,8.842817306518555,-0.9471825957298279,9.3964262008667,4.6737380027771,5.7599873542785645,-2.6224069595336914,6.521717071533203
148,Experimental,data/processed/148.wav,117.45383522727273,30.0,0.4461067020893097,0.0566629134118557,0.0881888091379644,0.03975563096543988,1711.5854759524661,542.9193728348498,1887.6568550095913,490.3232584985028,3551.23685948989,1500.8492551732995,0.9666223526000977,0.6070512533187866,0.2358337789773941,0.25080636143684387,0.2321246862411499,0.2546752393245697,0.22029994428157806,0.200844407081604,0.3450658321380615,0.31406116485595703,0.25488442182540894,0.20832780003547668,0.2521056830883026,0.17542333900928497,0.488225519657135,0.3624356687068939,0.4472540020942688,0.29010286927223206,0.42755797505378723,0.3004346489906311,0.5056056976318359,0.3750080168247223,0.33251887559890747,0.25294017791748047,0.24357812106609344,0.22920353710651398,1.1833250522613525,38.94258117675781,126.03968811035156,33.538291931152344,-28.014259338378906,24.82340431213379,30.933382034301758,12.426292419433594,12.657781600952148,11.441425323486328,12.150582313537598,8.35760498046875,-1.563103199005127,9.566356658935547,13.957633018493652,11.436444282531738,-0.39138156175613403,8.7974853515625,8.17103099822998,9.791333198547363,0.16272690892219543,10.136241912841797,6.458720684051514,9.35527229309082,0.45845741033554077,7.4959282875061035
424,Experimental,data/processed/424.wav,99.38401442307692,30.0,0.16776101291179657,0.07103168219327927,0.12025210731907894,0.019085241647128128,1854.2007840892272,150.14990564555166,1640.7052032858755,145.2111664286176,3410.779375483746,335.7408302565156,1.0686715841293335,0.6565269827842712,0.2033073455095291,0.12575046718120575,0.1808294951915741,0.1774308979511261,0.22868791222572327,0.11896893382072449,0.7223082780838013,0.28530025482177734,0.6749357581138611,0.28027886152267456,0.28109484910964966,0.1761951744556427,0.2630804181098938,0.2014670968055725,0.21615876257419586,0.13404054939746857,0.4427265226840973,0.29054829478263855,0.28700461983680725,0.23063893616199493,0.3141096234321594,0.2143905758857727,0.535608172416687,0.3400545120239258,-80.67677307128906,44.22267532348633,124.55028533935547,10.560637474060059,-57.44633865356445,14.831704139709473,46.50819778442383,15.402734756469727,-21.054363250732422,12.08486557006836,-1.970531940460205,6.988805294036865,-20.892406463623047,12.536030769348145,-5.998816967010498,10.375306129455566,-21.24162483215332,11.336787223815918,-4.655547142028809,10.007007598876953,-4.00152587890625,9.58438491821289,-0.5646663904190063,5.633284091949463,-14.008404731750488,6.514354705810547
615,Experimental,data/processed/615.wav,117.45383522727273,30.0,0.2842499315738678,0.02540051005780697,0.01895264427728328,0.0018715262293780817,398.82581874769784,190.83520232986248,818.8607640726648,422.9871592798976,469.7388262202496,286.1863121345891,0.5630690455436707,0.4891911745071411,0.1522819697856903,0.19268442690372467,0.09049980342388153,0.06758372485637665,0.05110132321715355,0.015842612832784653,0.13755038380622864,0.10253637284040451,0.18002966046333313,0.08631263673305511,0.08156567066907883,0.017543742433190346,0.08156180381774902,0.04390843212604523,0.5683091282844543,0.07270948588848114,0.9974416494369507,0.023627137765288353,0.36690255999565125,0.05754898115992546,0.041725751012563705,0.035087428987026215,0.060719940811395645,0.09761643409729004,-294.87823486328125,61.0417366027832,197.80615234375,27.58507537841797,84.24923706054688,22.83750343322754,42.300010681152344,8.1171236038208,15.884381294250488,9.554532051086426,5.608672618865967,6.64787483215332,-2.2175214290618896,5.133853435516357,-0.11222607642412186,6.539390563964844,0.8462106585502625,5.988891124725342,-0.18654124438762665,4.204931259155273,-3.4955596923828125,3.0495169162750244,-4.9948577880859375,4.312045097351074,-9.95564079284668,6.363663673400879
897,Experimental,data/processed/897.wav,143.5546875,30.0,0.2442040741443634,0.027253737673163414,0.3012952302631579,0.02258505739373444,4156.648661291597,166.15860080618916,2666.239244460461,53.912339799802496,7262.44775163869,207.9953025822811,1.0066977739334106,0.5005572438240051,0.736968994140625,0.26123303174972534,0.5174689888954163,0.23737174272537231,0.4049592912197113,0.20150570571422577,0.4756757318973541,0.25793373584747314,0.38316476345062256,0.15483176708221436,0.4784989058971405,0.24885110557079315,0.42258787155151367,0.21201571822166443,0.5598388314247131,0.24044816195964813,0.6510114669799805,0.2803294062614441,0.37764450907707214,0.15383367240428925,0.3971266746520996,0.21262440085411072,0.42321646213531494,0.1825876086950302,48.533592224121094,13.27109432220459,10.582871437072754,8.040185928344727,-21.1341609954834,5.61414098739624,25.330852508544922,5.891398906707764,-4.751237869262695,5.157686233520508,16.258342742919922,4.5795817375183105,4.950343608856201,5.035015106201172,11.062902450561523,5.405637741088867,4.450055122375488,5.2603607177734375,7.519652843475342,5.094670295715332,-0.06768439710140228,5.252455234527588,4.423074245452881,5.048780918121338,-0.8611739277839661,5.0720109939575195
995,Experimental,data/processed/995.wav,117.45383522727273,30.0,0.3812433183193207,0.016171518713235855,0.1117710550503096,0.01565299378296261,2794.010332906977,144.54741408211598,2466.7710743136204,40.65072870004521,5561.866368154992,219.93685709524894,0.9011046886444092,0.386700838804245,0.74351966381073,0.17097987234592438,0.731462299823761,0.17175143957138062,0.7103259563446045,0.1768333464860916,0.6814898252487183,0.17505154013633728,0.6565874814987183,0.17554283142089844,0.6415364146232605,0.1696394681930542,0.6415637731552124,0.17279711365699768,0.6590184569358826,0.17495176196098328,0.6874994039535522,0.1750638335943222,0.7128550410270691,0.17766498029232025,0.7422716021537781,0.17676645517349243,0.7504329085350037,0.17226938903331757,103.37899017333984,6.974828243255615,76.74406433105469,6.681657314300537,-28.905427932739258,4.6544718742370605,12.894854545593262,4.252298831939697,-13.259342193603516,3.351243734359741,9.455076217651367,3.806145668029785,0.12397962063550949,3.9719982147216797,8.226733207702637,3.947157859802246,-3.965787172317505,3.7791290283203125,1.2535845041275024,3.3988356590270996,-6.602809429168701,3.2420589923858643,-0.6462972164154053,3.4071004390716553,-5.562719345092773,3.1840980052948
997,Experimental,data/processed/997.wav,143.5546875,30.0,0.32026442885398865,0.014384040609002113,0.15865777077689627,0.031018658237909565,3246.2926069251034,210.3128307782547,2499.3075515622727,62.668223045447576,6026.155227330447,294.28641387205755,0.935417652130127,0.5125519633293152,0.7640149593353271,0.2621898055076599,0.754460871219635,0.27095434069633484,0.6680237054824829,0.2533634305000305,0.5641318559646606,0.2249344140291214,0.5244978070259094,0.1998148262500763,0.5205803513526917,0.20305998623371124,0.5284164547920227,0.20797570049762726,0.565211832523346,0.22096595168113708,0.6201366782188416,0.20909415185451508,0.7051260471343994,0.17971931397914886,0.7269955277442932,0.16878606379032135,0.7119907140731812,0.2310761958360672,77.16168975830078,17.037752151489258,46.397056579589844,10.250682830810547,-35.52568817138672,6.140858173370361,24.55915069580078,8.182454109191895,0.24419012665748596,8.057284355163574,16.541229248046875,4.676190376281738,0.8632307052612305,5.103903770446777,14.35885238647461,6.890600681304932,10.128995895385742,5.909720420837402,9.347169876098633,5.975490570068359,-0.4040073752403259,3.916475772857666,7.38417911529541,5.038299083709717,1.5447725057601929,4.286898136138916
998,Experimental,data/processed/998.wav,99.38401442307692,30.0,0.368589848279953,0.026561152189970016,0.12015611394640092,0.024534974707687212,3202.3058517268573,196.38874778944822,2906.4854548558314,71.85058546533442,6899.133281884917,299.5393845343627,0.9126762747764587,0.42738744616508484,0.6597679257392883,0.23067912459373474,0.6713962554931641,0.21319754421710968,0.6120306253433228,0.19735455513000488,0.6508795619010925,0.218957781791687,0.6503484845161438,0.232892245054245,0.6222584843635559,0.2298305630683899,0.6473640203475952,0.24327541887760162,0.6062420606613159,0.23210856318473816,0.603862464427948,0.23588049411773682,0.6013449430465698,0.24112409353256226,0.6521415710449219,0.2395137995481491,0.6647462844848633,0.2343914806842804,100.80030822753906,13.270610809326172,68.32575225830078,8.285323143005371,-6.28687047958374,7.42694091796875,4.953810214996338,5.026426792144775,-6.771541595458984,4.681669235229492,7.84204626083374,3.7185895442962646,3.4921984672546387,4.700882911682129,8.106049537658691,4.499329090118408,-0.7080069780349731,3.9271907806396484,3.134258508682251,3.700585126876831,-2.9081528186798096,3.7415201663970947,2.2870686054229736,3.8246750831604004,-2.018993377685547,3.9751789569854736
1066,Experimental,data/processed/1066.wav,112.34714673913044,30.0,0.14455030858516693,0.04830940067768097,0.05711114369678793,0.018669971389177104,1147.2868011756311,337.9596189137093,1467.703775148526,298.07678944760363,2182.845133967444,775.4113211792177,1.207074761390686,1.3669987916946411,0.27889084815979004,0.19424448907375336,0.5906642079353333,0.3542422950267792,0.22683966159820557,0.15404558181762695,0.13920073211193085,0.12714801728725433,0.1389027088880539,0.10869459807872772,0.2676399052143097,0.17474862933158875,0.6007309556007385,0.3587866723537445,0.405387818813324,0.21329444646835327,0.45553094148635864,0.3942822813987732,0.2894430160522461,0.22309789061546326,0.34609806537628174,0.2925093472003937,0.16359750926494598,0.16793805360794067,-146.3523712158203,56.095909118652344,162.3157501220703,25.02513885498047,-18.842283248901367,11.393987655639648,33.650360107421875,9.156681060791016,2.2643625736236572,9.02154541015625,6.729941368103027,7.259084701538086,-1.4411940574645996,9.974258422851562,1.9279335737228394,7.60094690322876,-1.553972840309143,8.84653091430664,5.6782941818237305,6.912745475769043,0.5056217312812805,6.589044570922852,2.5638303756713867,6.6145219802856445,-5.02945613861084,6.851932048797607
1069,Experimental,data/processed/1069.wav,99.38401442307692,30.0,0.17219050228595734,0.06267762184143066,0.13404529677825078,0.04610322339060039,2233.8033713445548,619.7227544147325,2109.4576582924633,416.5798123039436,4309.432274785942,1326.2806001627207,1.0684285163879395,1.058903694152832,0.6007131934165955,0.33058878779411316,0.27333101630210876,0.18423081934452057,0.2042049765586853,0.18502755463123322,0.4363740086555481,0.262151837348938,0.27466103434562683,0.16431744396686554,0.22691434621810913,0.1505020409822464,0.1802530288696289,0.1259443759918213,0.44077086448669434,0.2578023076057434,0.7541133761405945,0.2604742646217346,0.3396095335483551,0.16332851350307465,0.40807056427001953,0.29753613471984863,0.2867210805416107,0.15949925780296326,-47.172271728515625,55.73106002807617,98.13275146484375,34.062103271484375,-33.89134979248047,18.831645965576172,18.604827880859375,10.382356643676758,-0.10385755449533463,10.468019485473633,14.471056938171387,8.07194995880127,-3.7308783531188965,9.158759117126465,2.5424842834472656,6.670146465301514,3.75510311126709,6.69978666305542,9.610021591186523,7.3021769523620605,-6.728802680969238,5.572945594787598,0.5363267064094543,6.760917663574219,0.9981572031974792,8.702701568603516
1073,Experimental,data/processed/1073.wav,123.046875,30.0,0.3214389979839325,0.08885283768177032,0.09739925986842106,0.06280599174167317,2265.9724637003724,805.7002067514884,2460.152240616645,444.3812113379622,4909.495312953512,1626.2602024645355,1.3722699880599976,1.2200223207473755,0.3416444659233093,0.2326451539993286,0.3803142011165619,0.22960345447063446,0.4971235990524292,0.3036627769470215,0.5908175706863403,0.32764971256256104,0.45426231622695923,0.2591245770454407,0.32340550422668457,0.22595392167568207,0.3730922341346741,0.2308681756258011,0.5451627373695374,0.3298022150993347,0.4893244802951813,0.2835944890975952,0.49393799901008606,0.31424736976623535,0.36175981163978577,0.22665496170520782,0.33600765466690063,0.2457181215286255,4.599856376647949,48.69923400878906,96.3906021118164,29.404664993286133,-0.17778851091861725,16.4263858795166,26.143342971801758,10.397956848144531,-3.948820114135742,9.428539276123047,13.046125411987305,8.276371955871582,5.452761650085449,6.173458099365234,5.539793491363525,5.764021873474121,-0.0721830502152443,6.317078113555908,8.63679027557373,6.387050628662109,1.071192741394043,5.523856163024902,1.5361027717590332,5.268911361694336,-2.617727518081665,5.504818916320801
140,Folk,data/processed/140.wav,107.666015625,30.0,0.08144678920507431,0.04476257413625717,0.044476299463041796,0.052384804933319686,1768.9009577994914,1036.6294830166376,2512.529555533147,583.7799627575768,3928.434578626887,2470.671555360181,1.497246265411377,1.868545651435852,0.24287353456020355,0.29175278544425964,0.2710217535495758,0.25386372208595276,0.3649776577949524,0.3565799295902252,0.3462755084037781,0.30051323771476746,0.3802341818809509,0.3413390517234802,0.4333234429359436,0.37368518114089966,0.2735341191291809,0.26128825545310974,0.2340880185365677,0.30790820717811584,0.20076555013656616,0.22458206117153168,0.2753644585609436,0.3028140664100647,0.29490724205970764,0.3359813988208771,0.23068827390670776,0.24265073239803314,-262.0576171875,85.8760986328125,100.80150604248047,35.784549713134766,37.057498931884766,21.700016021728516,34.88225173950195,15.564871788024902,26.745071411132812,14.016776084899902,11.041350364685059,15.918123245239258,10.788666725158691,10.829802513122559,4.903905868530273,10.054482460021973,1.3236339092254639,9.76385498046875,6.395882606506348,10.722322463989258,-4.155265808105469,9.278328895568848,-2.2192118167877197,7.855550765991211,-6.227891445159912,8.201854705810547
141,Folk,data/processed/141.wav,103.359375,30.0,0.11223089694976807,0.08656684309244156,0.062021166916602165,0.052290688636115606,1669.74096673512,810.8212139458768,2059.164732548183,552.2746910963189,3345.863101356908,1686.4961032419692,1.148368000984192,0.9484832882881165,0.16404752433300018,0.24430802464485168,0.15335814654827118,0.21641822159290314,0.24352602660655975,0.289655864238739,0.18713495135307312,0.24898040294647217,0.23398998379707336,0.25143903493881226,0.373523473739624,0.348195344209671,0.2430746853351593,0.22948388755321503,0.22547246515750885,0.30576109886169434,0.21397452056407928,0.23738689720630646,0.38541507720947266,0.33962300419807434,0.5134748220443726,0.4051116704940796,0.21423082053661346,0.20429742336273193,-198.1431121826172,113.69027709960938,116.02070617675781,34.91175079345703,-1.2449707984924316,16.594812393188477,25.516199111938477,15.935271263122559,10.16952896118164,14.107315063476562,-4.650422096252441,14.099979400634766,7.738649368286133,12.326027870178223,-5.586280822753906,9.939006805419922,0.43329423666000366,9.104072570800781,1.7555267810821533,7.780656337738037,-2.860093116760254,8.256229400634766,-3.860962390899658,8.818692207336426,-4.363958358764648,7.395397186279297
190,Folk,data/processed/190.wav,99.38401442307692,30.0,0.12964703142642975,0.06347700208425522,0.08857958530863003,0.0477709977726272,1907.6847128436425,708.5023883736461,2031.569778579425,361.43875593765506,3730.0024451855165,1310.5861446410956,1.2407771348953247,1.3099782466888428,0.22843049466609955,0.3049421012401581,0.1515101194381714,0.1979200392961502,0.23227323591709137,0.318180114030838,0.1997252255678177,0.18437308073043823,0.38635191321372986,0.35976114869117737,0.28114965558052063,0.30096185207366943,0.25515642762184143,0.2819313704967499,0.26316940784454346,0.3165895342826843,0.26135098934173584,0.28453102707862854,0.30873963236808777,0.34545567631721497,0.15387369692325592,0.19070835411548615,0.217983216047287,0.26736992597579956,-141.9992218017578,51.417232513427734,96.5830307006836,24.936378479003906,-22.869531631469727,16.198841094970703,25.579727172851562,18.28762435913086,-7.452193737030029,9.456466674804688,-3.7871580123901367,10.494522094726562,-21.77808952331543,9.644736289978027,-7.032848834991455,7.31833553314209,-19.86305046081543,10.824919700622559,-6.0585808753967285,8.973857879638672,-16.00658416748047,8.249313354492188,-5.301326751708984,9.08975601196289,-8.181486129760742,9.763689994812012
193,Folk,data/processed/193.wav,95.703125,30.0,0.12297526746988297,0.06410195678472519,0.0771994575996517,0.03797565313118923,1588.5685254703376,627.4394266708285,1762.7758352178669,421.76335150132115,3214.5972284370164,1292.8407387444297,0.9613912105560303,1.9927680492401123,0.2983202338218689,0.2578011453151703,0.41631272435188293,0.2906109690666199,0.38721784949302673,0.29447317123413086,0.4702187180519104,0.3291855752468109,0.42912930250167847,0.3177744150161743,0.3264654278755188,0.2735222280025482,0.3261294662952423,0.3018195927143097,0.19196465611457825,0.15584221482276917,0.31364184617996216,0.2881747782230377,0.30337053537368774,0.27367112040519714,0.29442813992500305,0.2711400091648102,0.27085721492767334,0.20895692706108093,-159.7411651611328,100.4725112915039,120.30677032470703,33.32011032104492,-29.365446090698242,15.674009323120117,35.39752197265625,14.9418363571167,-10.058114051818848,9.517186164855957,4.938889026641846,7.694961071014404,-13.582033157348633,11.498494148254395,-5.606101989746094,7.066472053527832,-16.008140563964844,7.970767498016357,-8.147077560424805,8.602602005004883,-11.377523422241211,7.5286455154418945,-5.347755432128906,8.050511360168457,-7.483928203582764,8.232259750366211
194,Folk,data/processed/194.wav,103.359375,30.0,0.10848772525787354,0.06384378671646118,0.07295382945530186,0.02907039122096748,1550.4635839672558,490.8586356868788,1768.7897372235811,361.6496872849662,3092.6812989792957,1067.0931561862963,1.041904091835022,1.5941709280014038,0.2861979901790619,0.2638368308544159,0.29884782433509827,0.2605001628398895,0.3354334533214569,0.3408606946468353,0.24129103124141693,0.19885602593421936,0.4115871787071228,0.34521934390068054,0.35773611068725586,0.3375396132469177,0.23895077407360077,0.23582828044891357,0.2440519779920578,0.31144753098487854,0.29799139499664307,0.22730106115341187,0.4273257553577423,0.33581098914146423,0.2602485716342926,0.23831582069396973,0.2873230576515198,0.2971135675907135,-173.06173706054688,95.3388671875,118.74429321289062,24.972068786621094,-26.507831573486328,16.67938804626465,29.069780349731445,14.734922409057617,-8.131437301635742,11.405640602111816,3.601106643676758,9.083240509033203,-12.239601135253906,10.728397369384766,-1.8390032052993774,7.480428695678711,-16.644866943359375,9.76544189453125,-5.9565911293029785,7.97877311706543,-12.9905424118042,8.218520164489746,-2.826380729675293,7.504816055297852,-8.444363594055176,6.86171293258667
197,Folk,data/processed/197.wav,117.45383522727273,30.0,0.0783979594707489,0.06472185999155045,0.0541224996371904,0.029003174515224994,1145.1590108006994,453.303388619237,1371.3231294126588,330.0673033389101,2189.3867610777866,994.2244014965013,0.902215838432312,1.5168282985687256,0.4766619801521301,0.39200374484062195,0.2932826280593872,0.242253378033638,0.38027575612068176,0.384429931640625,0.26882481575012207,0.2360018938779831,0.36774393916130066,0.3316728472709656,0.33496636152267456,0.34118983149528503,0.142607644200325,0.14850760996341705,0.12888570129871368,0.2057008594274521,0.1365729421377182,0.1426531970500946,0.2712364196777344,0.3103336691856384,0.14521951973438263,0.11407647281885147,0.3389926254749298,0.29438188672065735,-243.0625,93.3607177734375,126.9959945678711,24.99090576171875,-11.041221618652344,29.353261947631836,17.686323165893555,17.82656478881836,-0.590358316898346,16.19156837463379,-4.803070545196533,10.41876220703125,-7.695449352264404,13.180910110473633,-6.296239852905273,10.221434593200684,-10.064615249633789,8.654695510864258,-7.503907680511475,7.015267372131348,-7.78589391708374,6.981179237365723,-7.6109843254089355,7.765964508056641,-5.708272933959961,8.477246284484863
200,Folk,data/processed/200.wav,99.38401442307692,30.0,0.11756810545921326,0.06527787446975708,0.09768648413312693,0.06018362653054772,1924.1536111940318,726.984831133895,1935.335390964489,328.9798589146038,3846.4934074472717,1126.0220308962646,1.1303707361221313,1.1120293140411377,0.36857548356056213,0.2610073387622833,0.3624895215034485,0.24501889944076538,0.44212642312049866,0.3170711398124695,0.3789879381656647,0.22527536749839783,0.47495976090431213,0.39021700620651245,0.31565460562705994,0.2613700330257416,0.2866620123386383,0.26215827465057373,0.38495969772338867,0.29245027899742126,0.25582584738731384,0.22760412096977234,0.31857830286026,0.29120108485221863,0.26308107376098633,0.22131019830703735,0.4150640070438385,0.29921409487724304,-125.0440444946289,53.615684509277344,102.8278579711914,27.476226806640625,-30.51314926147461,17.15995979309082,40.599124908447266,15.333481788635254,-10.091842651367188,9.431231498718262,1.3863723278045654,9.36723804473877,-12.19196891784668,8.825613021850586,-3.0963079929351807,7.947603225708008,-10.715853691101074,7.6060380935668945,-6.7052693367004395,6.608119487762451,-16.55989646911621,9.445976257324219,-8.273391723632812,8.559345245361328,-7.1726460456848145,5.9602885246276855
203,Folk,data/processed/203.wav,123.046875,30.0,0.12326772511005402,0.05595819279551506,0.05256090666118421,0.017054811479591075,1353.4899212102396,529.1585202679277,1728.5447304213064,456.7557900287209,2458.735132365035,1383.5849876269083,1.7274863719940186,2.7162528038024902,0.1567334681749344,0.23367840051651,0.2635513246059418,0.3355710804462433,0.18596194684505463,0.2809505760669708,0.1661396026611328,0.2567081153392792,0.20845866203308105,0.32939618825912476,0.11479366570711136,0.13670752942562103,0.21659345924854279,0.3560675084590912,0.05823417752981186,0.09719400107860565,0.10610239207744598,0.12469132244586945,0.41969001293182373,0.4407086670398712,0.1608073115348816,0.1606144905090332,0.21534982323646545,0.33809012174606323,-233.56593322753906,76.79415893554688,123.5028076171875,26.06426239013672,2.184182643890381,15.598929405212402,12.92893123626709,13.34814453125,-19.18206024169922,10.221894264221191,-17.79997444152832,11.154593467712402,-21.05791664123535,10.270991325378418,-14.284590721130371,9.760047912597656,-23.14574432373047,10.161356925964355,-13.28933334350586,9.397980690002441,-18.258119583129883,10.57015323638916,-13.546388626098633,9.597366333007812,-2.688877820968628,11.6674222946167
204,Folk,data/processed/204.wav,107.666015625,30.0,0.15061281621456146,0.05495670065283775,0.08075196824206657,0.07423652584589546,1774.1423401269526,1007.2621438874291,1951.0000016665347,485.58805353347736,3324.9632277355845,1756.810816302761,1.3833532333374023,1.4617592096328735,0.14740630984306335,0.16972796618938446,0.2730501592159271,0.28349199891090393,0.3612576127052307,0.33761459589004517,0.18404074013233185,0.19979853928089142,0.15551067888736725,0.23980802297592163,0.19551104307174683,0.20946262776851654,0.48853161931037903,0.3780005872249603,0.3708767294883728,0.3097827434539795,0.23364955186843872,0.24322722852230072,0.34533199667930603,0.35997337102890015,0.2022770792245865,0.20341983437538147,0.24508213996887207,0.33878999948501587,-139.19667053222656,70.60344696044922,121.3356704711914,39.3858757019043,-15.027684211730957,22.570947647094727,17.012487411499023,15.68070125579834,7.465299606323242,15.133052825927734,0.21386921405792236,10.657386779785156,-14.116893768310547,11.523124694824219,-9.368858337402344,8.652198791503906,-15.674559593200684,9.233795166015625,-5.382514476776123,10.173900604248047,-15.057405471801758,9.408186912536621,-2.671431541442871,8.07992935180664,-12.92578411102295,8.964605331420898
207,Folk,data/processed/207.wav,123.046875,30.0,0.07838328182697296,0.08359284698963165,0.061165918875773995,0.03298314138638323,1249.0978212351033,589.9949434703824,1487.6689368031805,545.2933537718909,2243.644766320385,1464.936057339451,0.9406378269195557,2.5852208137512207,0.26603755354881287,0.30992642045021057,0.17994293570518494,0.26732274889945984,0.2105465829372406,0.3194959759712219,0.1539027988910675,0.19275571405887604,0.24732939898967743,0.3449634611606598,0.20080769062042236,0.29504233598709106,0.14813624322414398,0.19218328595161438,0.21685218811035156,0.3452151417732239,0.1178641989827156,0.15809185802936554,0.16806022822856903,0.27947282791137695,0.18835166096687317,0.22029294073581696,0.4026472270488739,0.4207219183444977,-322.2109069824219,115.52484893798828,101.06190490722656,46.25495529174805,1.837298035621643,27.34657859802246,10.00827693939209,18.72772789001465,-7.3182806968688965,15.633527755737305,-8.989043235778809,10.800246238708496,-9.459081649780273,12.086761474609375,-5.687883377075195,9.645071029663086,-7.514403343200684,10.406435012817383,-3.404670238494873,8.625470161437988,-2.348996639251709,10.41205883026123,-4.045897006988525,12.01867961883545,-4.0908989906311035,10.195149421691895
2,Hip-Hop,data/processed/2.wav,161.4990234375,30.0,0.15309551358222961,0.08320613950490952,0.16434518914473684,0.09392388081543171,3056.4543531517606,997.0963901232691,2709.5653054073023,359.55152097338436,6253.095521720201,1520.457254717555,1.8085147142410278,1.70009183883667,0.7472022175788879,0.3018127381801605,0.46552079916000366,0.2708699405193329,0.37700778245925903,0.28753677010536194,0.34639930725097656,0.25836172699928284,0.2763511538505554,0.21311652660369873,0.23397330939769745,0.21800711750984192,0.2728686034679413,0.2218942940235138,0.4199999272823334,0.28371530771255493,0.3724667727947235,0.2713804244995117,0.3583890497684479,0.2805117666721344,0.37851178646087646,0.2634615898132324,0.5160993933677673,0.2762908339500427,-61.55626678466797,54.0601806640625,64.25818634033203,30.459064483642578,-9.789884567260742,22.818756103515625,11.308147430419922,17.70665740966797,-2.3991713523864746,17.54393196105957,9.046278953552246,13.826334953308105,-1.1240113973617554,12.51589584350586,4.556112289428711,9.40606689453125,-5.295814514160156,10.269680976867676,0.24083131551742554,8.72400188446045,-9.489632606506348,9.577651977539062,2.583469867706299,10.549124717712402,-2.200004816055298,8.805294036865234
5,Hip-Hop,data/processed/5.wav,99.38401442307692,30.0,0.2406349778175354,0.1309683471918106,0.10059916493324303,0.06723672796837953,2430.6090532690546,878.3449826013444,2617.8414047057963,406.91670605684783,5471.283582563371,1604.240798570137,1.7657742500305176,1.5310871601104736,0.4089272916316986,0.25968441367149353,0.5785115957260132,0.32779592275619507,0.39830341935157776,0.2578901946544647,0.34102943539619446,0.2633882761001587,0.322576642036438,0.2567328214645386,0.32885226607322693,0.26737332344055176,0.37281152606010437,0.28528928756713867,0.3978344798088074,0.28335604071617126,0.4881708025932312,0.3297479748725891,0.4917793869972229,0.3249448239803314,0.5078287124633789,0.31917181611061096,0.45766395330429077,0.30959293246269226,-58.74615478515625,47.040313720703125,86.36972045898438,29.127592086791992,13.001251220703125,21.407428741455078,23.292621612548828,17.790924072265625,-0.14417561888694763,16.61736297607422,11.994937896728516,13.597000122070312,-4.714601039886475,11.613550186157227,16.547380447387695,10.04947566986084,-5.426237106323242,9.80222225189209,-0.8907387852668762,10.164128303527832,-1.0339303016662598,9.921238899230957,8.07529354095459,8.5537109375,4.215064525604248,9.491781234741211
676,Hip-Hop,data/processed/676.wav,95.703125,30.0,0.23783628642559052,0.06017457693815231,0.06797124431598298,0.047305248850174064,2003.1151152631699,888.1974821025383,2482.353219610399,543.1482268448597,4544.839184645898,2144.6932952147445,1.6888794898986816,1.4528347253799438,0.3484058678150177,0.3087717592716217,0.21693675220012665,0.2416204810142517,0.25822713971138,0.2803535759449005,0.2763790786266327,0.2805075943470001,0.25380945205688477,0.2536475956439972,0.31354856491088867,0.3144831955432892,0.33043181896209717,0.2758423388004303,0.4051007330417633,0.31721311807632446,0.429716020822525,0.33401983976364136,0.4261900782585144,0.2930980324745178,0.4565577208995819,0.35237792134284973,0.4005652368068695,0.31510087847709656,-97.47357940673828,50.29512023925781,102.12828826904297,33.82374572753906,28.538265228271484,31.319364547729492,24.206073760986328,19.04041290283203,8.751333236694336,15.656913757324219,13.175288200378418,14.866324424743652,2.2763898372650146,14.822702407836914,24.05748176574707,11.930564880371094,-9.869601249694824,12.712685585021973,0.312736839056015,9.21445369720459,-6.808434963226318,11.609617233276367,-3.34755802154541,8.83841609954834,2.488311529159546,8.484103202819824
694,Hip-Hop,data/processed/694.wav,112.34714673913044,30.0,0.15199880301952362,0.04792178422212601,0.14791671705688855,0.0939036766900904,3123.056502831925,1014.7935087631406,2863.0621739957182,392.76847803584593,6588.085162750339,1619.6457770120364,1.598758339881897,1.3271129131317139,0.4320674538612366,0.33517685532569885,0.431485116481781,0.31192898750305176,0.38944336771965027,0.2631097435951233,0.37517380714416504,0.26917126774787903,0.39379438757896423,0.28689590096473694,0.44009125232696533,0.3179181218147278,0.48947399854660034,0.31976792216300964,0.4953901469707489,0.3214690089225769,0.4494560956954956,0.3117854595184326,0.42514878511428833,0.31860101222991943,0.3972075283527374,0.28591227531433105,0.3847450315952301,0.2778792083263397,-64.97403717041016,50.611610412597656,62.10084915161133,31.12710189819336,5.118799209594727,26.881181716918945,15.951261520385742,19.342185974121094,10.615476608276367,15.620880126953125,10.171082496643066,11.88916301727295,-6.501141548156738,12.34211540222168,8.954598426818848,9.537715911865234,-5.436140537261963,9.68498420715332,4.310273170471191,8.52993106842041,0.12512554228305817,8.2802152633667,5.658639430999756,7.488193035125732,-1.4014972448349,7.128713607788086
695,Hip-Hop,data/processed/695.wav,198.76802884615384,30.0,0.19625774025917053,0.06398714333772659,0.14053807686726005,0.06827935220629891,2766.4949478535186,765.4213944331832,2589.878640939017,365.68753957440146,5535.3581951129545,1461.256145919363,1.538382649421692,1.1630055904388428,0.48499810695648193,0.2981235384941101,0.4415626525878906,0.30363377928733826,0.4526136517524719,0.29885953664779663,0.5123991966247559,0.29720941185951233,0.6088839769363403,0.3293491303920746,0.5067266225814819,0.2948317229747772,0.4130733609199524,0.2731787860393524,0.3783841133117676,0.2689797580242157,0.387360155582428,0.27341970801353455,0.40021592378616333,0.27910730242729187,0.3850449025630951,0.2559460699558258,0.4533030092716217,0.2691338062286377,-36.30086135864258,37.636924743652344,70.3801498413086,28.962270736694336,-11.424357414245605,23.01791000366211,17.60784912109375,13.24730110168457,-5.318005084991455,16.233003616333008,12.02862548828125,11.906610488891602,11.403369903564453,10.629593849182129,6.496699810028076,9.996745109558105,3.3748939037323,8.980968475341797,7.563074588775635,9.791251182556152,3.0046474933624268,9.743152618408203,11.432210922241211,9.468767166137695,3.7736971378326416,8.595437049865723
4682,Hip-Hop,data/processed/4682.wav,172.265625,30.0,0.1525912880897522,0.032871853560209274,0.16061089577689627,0.06281435139324754,2751.186105462858,679.8136654731254,2362.9603155355235,380.4214916246087,5282.426391223636,1302.722524795051,1.3863611221313477,1.0356284379959106,0.48483115434646606,0.2118728756904602,0.667395830154419,0.284534215927124,0.4490796625614166,0.2205882966518402,0.4516069293022156,0.23791912198066711,0.3683636486530304,0.19035662710666656,0.48784568905830383,0.23500481247901917,0.6038243770599365,0.28354907035827637,0.48957559466362,0.24315199255943298,0.5818322896957397,0.26525378227233887,0.5225266218185425,0.2538217306137085,0.4548035264015198,0.23330020904541016,0.5100698471069336,0.25729209184646606,-36.16773986816406,33.65739822387695,71.96222686767578,24.06877899169922,-26.367477416992188,19.470073699951172,44.6184196472168,15.420296669006348,0.2992570698261261,11.093400955200195,11.574968338012695,8.881868362426758,-1.7952932119369507,8.337512969970703,2.847369432449341,6.728795528411865,4.562579154968262,7.495716571807861,10.858777046203613,6.773232936859131,6.19015645980835,6.522436141967773,7.709652423858643,6.470535755157471,1.5697318315505981,7.063961029052734
4684,Hip-Hop,data/processed/4684.wav,161.4990234375,30.0,0.16493935883045197,0.04589896649122238,0.22765281842589008,0.05998810574233511,3242.015993816554,487.4010951442278,2386.930826156631,162.5115848537717,5555.549739684114,821.845952110488,1.2550420761108398,0.8990511298179626,0.37373167276382446,0.25942084193229675,0.34281328320503235,0.24406611919403076,0.42003491520881653,0.2833378314971924,0.4090953767299652,0.27059948444366455,0.37080883979797363,0.2834920883178711,0.44342830777168274,0.30577006936073303,0.46791771054267883,0.31241917610168457,0.4611528217792511,0.27862104773521423,0.5309134721755981,0.3032284379005432,0.4840356111526489,0.2944434881210327,0.5246160626411438,0.3080276548862457,0.4894603192806244,0.3021540939807892,-23.111366271972656,25.484283447265625,39.18877029418945,21.410436630249023,-34.47043228149414,12.533198356628418,33.7512321472168,10.321383476257324,-4.879819869995117,10.189735412597656,6.186460018157959,8.722028732299805,12.752333641052246,8.64902400970459,4.23189640045166,10.856770515441895,4.051180362701416,10.041733741760254,11.229508399963379,10.448088645935059,-0.6490541696548462,9.331888198852539,7.7020978927612305,10.446677207946777,-1.4716767072677612,9.677078247070312
4685,Hip-Hop,data/processed/4685.wav,161.4990234375,30.0,0.16837693750858307,0.037894174456596375,0.14186006433823528,0.05768262754502142,2672.287042406771,796.6755275506349,2313.073956847336,456.280227184363,5249.3765910712555,1476.221918574964,1.301832675933838,0.9335666298866272,0.6106244325637817,0.2838374972343445,0.5041232705116272,0.27499207854270935,0.396177738904953,0.24057573080062866,0.33469706773757935,0.20572254061698914,0.35134467482566833,0.21312309801578522,0.5932072997093201,0.33828580379486084,0.38307103514671326,0.24044570326805115,0.3669017255306244,0.23470930755138397,0.4181053638458252,0.26597586274147034,0.44599398970603943,0.27366945147514343,0.4825038015842438,0.29693031311035156,0.4895123839378357,0.27210941910743713,-41.89283752441406,28.114543914794922,77.56657409667969,28.814725875854492,-25.489938735961914,22.104190826416016,51.400367736816406,15.545754432678223,-2.3468315601348877,13.059744834899902,13.43328857421875,8.396449089050293,-8.365626335144043,10.16351318359375,7.1721510887146,7.264621734619141,5.315230846405029,6.934439182281494,8.6310453414917,6.680501937866211,0.961216390132904,7.227939128875732,4.135703086853027,6.890727996826172,1.135547399520874,5.449826240539551
4688,Hip-Hop,data/processed/4688.wav,161.4990234375,30.0,0.16324298083782196,0.03264131397008896,0.1058266465508901,0.03961598954005711,2347.0969004661465,718.0606711930739,2208.6154415037245,433.10292502709984,4738.1130159454815,1342.5788902472618,1.3011341094970703,0.9244495034217834,0.4858061969280243,0.29278120398521423,0.4253231883049011,0.26262518763542175,0.44750580191612244,0.3033347427845001,0.3583238124847412,0.26563745737075806,0.25520968437194824,0.2181093543767929,0.24973337352275848,0.19718323647975922,0.42238953709602356,0.2923034727573395,0.39404645562171936,0.26552528142929077,0.34200406074523926,0.19224146008491516,0.5281957387924194,0.2983126640319824,0.5877664089202881,0.29775306582450867,0.5789846777915955,0.32193365693092346,-61.34872817993164,28.05381965637207,89.16023254394531,28.241592407226562,-30.537145614624023,21.04652976989746,43.515621185302734,14.368986129760742,1.36167311668396,12.104028701782227,22.767078399658203,8.102566719055176,-1.5526365041732788,8.769481658935547,9.168007850646973,7.566594123840332,5.835162162780762,6.474764823913574,4.1809401512146,6.947696208953857,3.93644642829895,6.563005447387695,7.035830497741699,6.254904747009277,8.434621810913086,7.059886932373047
5264,Hip-Hop,data/processed/5264.wav,172.265625,30.0,0.22813144326210022,0.04591165855526924,0.11788628640189629,0.05901442000932143,2254.191693601991,878.380585679062,2199.6212642841715,568.1181128089062,4404.15670200029,1901.604222531441,1.4283194541931152,0.9499477744102478,0.2658690810203552,0.256131649017334,0.27001798152923584,0.25817519426345825,0.33404621481895447,0.2829689383506775,0.4895896911621094,0.34871774911880493,0.40897831320762634,0.2953483760356903,0.3351808488368988,0.2644214630126953,0.38361409306526184,0.3230495750904083,0.3772317171096802,0.28280410170555115,0.4644564092159271,0.3402326703071594,0.3780132234096527,0.30891379714012146,0.3046819865703583,0.29140815138816833,0.2591703534126282,0.26100724935531616,-36.3410758972168,39.39209747314453,98.87665557861328,40.49609375,-24.251861572265625,25.065582275390625,27.298564910888672,15.554170608520508,7.1826677322387695,14.553478240966797,-0.6814098954200745,15.782617568969727,-6.419459819793701,10.230724334716797,2.536099672317505,12.498048782348633,-7.704771041870117,10.196487426757812,-8.342639923095703,10.539521217346191,-5.469864368438721,7.950682640075684,-0.7163808941841125,8.092862129211426,-9.464255332946777,8.775677680969238
10250,Instrumental,data/processed/10250.wav,161.4990234375,30.0,0.07347862422466278,0.04212305694818497,0.041407534950657895,0.010911476046069811,860.4263949075633,185.03359278414666,1149.0762399513146,181.01209392750522,1451.9412203100812,390.771359236535,1.5893890857696533,2.6261587142944336,0.38747820258140564,0.2278936803340912,0.30543944239616394,0.18351182341575623,0.24061265587806702,0.1412220001220703,0.33091500401496887,0.20805902779102325,0.5733464956283569,0.2284804731607437,0.6999964714050293,0.25783437490463257,0.690312922000885,0.24890439212322235,0.5861849188804626,0.2477583885192871,0.5093115568161011,0.269298255443573,0.4846112132072449,0.28332817554473877,0.4863433241844177,0.2903939485549927,0.49111923575401306,0.2606995701789856,-243.21580505371094,84.75281524658203,198.60714721679688,21.55425262451172,-18.203535079956055,21.238510131835938,8.673407554626465,12.420371055603027,-2.6380484104156494,10.703892707824707,-3.8054580688476562,6.290945053100586,-9.72804069519043,6.395163059234619,-5.090205192565918,4.837498188018799,-7.731672286987305,6.8180341720581055,-2.8427889347076416,8.030458450317383,-4.926567554473877,6.417601585388184,-6.3842926025390625,5.395492076873779,-6.273311138153076,5.267432689666748
11638,Instrumental,data/processed/11638.wav,80.74951171875,30.0,0.13854500651359558,0.08272776752710342,0.14101199690402477,0.05149305804593189,3080.0084446936894,499.0739060652448,2834.414665534637,168.9509994512405,6531.660503942531,744.7414011188794,1.9081158638000488,3.0405006408691406,0.523960292339325,0.3111516237258911,0.5914679169654846,0.30007094144821167,0.5352597236633301,0.27616679668426514,0.47567060589790344,0.2923518717288971,0.4162135720252991,0.27024540305137634,0.3861196041107178,0.25502049922943115,0.430738240480423,0.25625529885292053,0.5073204636573792,0.27005600929260254,0.4876013994216919,0.26880374550819397,0.5110085606575012,0.2960279583930969,0.4923364520072937,0.2931099832057953,0.47708800435066223,0.2858867347240448,-111.99657440185547,151.93057250976562,60.33247375488281,20.882400512695312,20.459386825561523,12.77861499786377,30.644428253173828,9.498699188232422,-11.291990280151367,11.020501136779785,17.17119789123535,10.543257713317871,-4.762942314147949,9.151217460632324,8.691120147705078,7.1740875244140625,-9.703008651733398,7.8693695068359375,5.974451541900635,7.185494899749756,0.2716071605682373,8.917981147766113,9.839068412780762,6.081329345703125,5.30297327041626,7.367147445678711
14568,Instrumental,data/processed/14568.wav,151.99908088235293,30.0,0.1668863296508789,0.047054000198841095,0.07638389185855263,0.018984219100211207,1686.2639319415848,466.73010296926265,1829.771653041422,403.20368970672956,3397.74612096072,1157.223890748474,1.8170808553695679,2.2499144077301025,0.20491856336593628,0.28198012709617615,0.1707354336977005,0.20577046275138855,0.37675485014915466,0.3333640396595001,0.4242698848247528,0.3748316168785095,0.3391599953174591,0.33671170473098755,0.33971813321113586,0.3234630227088928,0.22105011343955994,0.24487601220607758,0.21729852259159088,0.24507784843444824,0.26692819595336914,0.3035110533237457,0.16620811820030212,0.1680545061826706,0.10237853974103928,0.12573659420013428,0.1516534686088562,0.22299855947494507,-117.76324462890625,55.56326675415039,123.55363464355469,26.688697814941406,-23.215761184692383,15.792448043823242,26.776351928710938,11.444327354431152,-21.23912811279297,7.589629650115967,-8.902883529663086,9.630352973937988,-34.989234924316406,8.14853572845459,-8.856776237487793,7.341148853302002,-6.853865623474121,7.4969706535339355,-6.632778644561768,9.21907901763916,-11.992579460144043,6.852298736572266,0.8939312696456909,7.204400539398193,-3.331202745437622,7.832477569580078
14569,Instrumental,data/processed/14569.wav,99.38401442307692,30.0,0.1544124335050583,0.05583721026778221,0.0916634668875774,0.03189410035921505,1329.9834779676676,413.31427653365284,1406.196426204898,370.50938727607473,2407.59377494316,858.4363794722545,1.3349493741989136,1.6011208295822144,0.5164893269538879,0.3357301652431488,0.3117920458316803,0.2203207165002823,0.4041917026042938,0.3241114914417267,0.3150181472301483,0.28247538208961487,0.2487817108631134,0.23426276445388794,0.21091525256633759,0.24087902903556824,0.2650912404060364,0.2608523964881897,0.5233062505722046,0.3412855267524719,0.24844776093959808,0.17421719431877136,0.2861346900463104,0.32570692896842957,0.24108336865901947,0.2288428694009781,0.3547654449939728,0.28977301716804504,-157.1715545654297,102.6456527709961,151.67091369628906,34.50373458862305,-28.13105010986328,29.397785186767578,34.21196365356445,16.735376358032227,7.4510087966918945,13.60953426361084,13.258784294128418,10.378997802734375,-12.432991027832031,10.589591026306152,-0.007831762544810772,7.1698503494262695,0.05220905691385269,10.716801643371582,-10.271760940551758,7.052675724029541,-12.543462753295898,8.6297607421875,-7.425026893615723,9.20234203338623,-8.114728927612305,9.06739330291748
14570,Instrumental,data/processed/14570.wav,103.359375,30.0,0.20047853887081146,0.05975968763232231,0.0543836469620743,0.02035249794319317,965.9555766363369,324.24094422399696,1130.2351902496653,247.0216581177095,1560.4405642293925,732.7983434191567,0.8058376312255859,0.7200735807418823,0.42802566289901733,0.4257010519504547,0.18994079530239105,0.12461142987012863,0.4975354075431824,0.38827836513519287,0.3582104444503784,0.35937821865081787,0.16850700974464417,0.17498455941677094,0.27772143483161926,0.3637678027153015,0.156892791390419,0.13777752220630646,0.2896503508090973,0.3347061276435852,0.10773446410894394,0.17280864715576172,0.09026019275188446,0.18270829319953918,0.10385697335004807,0.1360199749469757,0.18344078958034515,0.18328258395195007,-232.3929901123047,45.52318572998047,138.3754119873047,23.51207733154297,-20.0660343170166,11.397293090820312,30.877304077148438,9.44784164428711,-20.430845260620117,10.682005882263184,-13.287705421447754,8.333744049072266,-37.325592041015625,10.72161865234375,-20.00299072265625,10.867166519165039,-24.147705078125,10.607582092285156,-23.474246978759766,10.893854141235352,-11.257516860961914,9.186541557312012,-1.1062304973602295,11.530670166015625,1.1314079761505127,13.617853164672852
14571,Instrumental,data/processed/14571.wav,117.45383522727273,30.0,0.16494806110858917,0.03502856194972992,0.07937442555147059,0.024206455917433607,1703.3217239557612,549.0032647065509,1851.9221398020163,440.22007884934084,3610.4281682348105,1282.876970162871,1.657985806465149,1.7976324558258057,0.31563663482666016,0.3116086423397064,0.4108840525150299,0.37728267908096313,0.1312772035598755,0.10579393804073334,0.09886064380407333,0.11867353320121765,0.18411529064178467,0.2161179482936859,0.3102249503135681,0.36900076270103455,0.169703409075737,0.20066042244434357,0.16693587601184845,0.18011943995952606,0.28778162598609924,0.3200845718383789,0.29000991582870483,0.28673893213272095,0.3451988995075226,0.3228690028190613,0.23732079565525055,0.2537262439727783,-123.21739196777344,51.64773178100586,121.67997741699219,29.642364501953125,-12.720479011535645,14.130171775817871,39.2940673828125,11.880751609802246,-33.58234405517578,10.377425193786621,-0.7962032556533813,6.776200294494629,-30.860654830932617,6.324800491333008,-16.674495697021484,7.749525547027588,-7.968787670135498,8.135895729064941,-3.8950846195220947,8.145627975463867,-14.1001615524292,8.017759323120117,-5.830530643463135,7.817309379577637,3.9323782920837402,8.923717498779297
14572,Instrumental,data/processed/14572.wav,161.4990234375,30.0,0.11454316973686218,0.03787040710449219,0.0889352142995356,0.030490627377973718,1999.5943364171223,619.7558658577428,2125.1836084883257,369.20029185140226,4228.391098164184,1313.8632324491123,1.5436762571334839,2.1422390937805176,0.31762462854385376,0.24192091822624207,0.2948286831378937,0.2574309706687927,0.24276277422904968,0.21691223978996277,0.24565811455249786,0.20813339948654175,0.33210599422454834,0.21479874849319458,0.3988781273365021,0.37256407737731934,0.22759568691253662,0.18310977518558502,0.23466284573078156,0.19690947234630585,0.3649901747703552,0.18007679283618927,0.7970110774040222,0.3268972933292389,0.3766230046749115,0.18770544230937958,0.24093051254749298,0.1907484233379364,-96.7068099975586,66.97766876220703,111.00367736816406,30.290054321289062,-14.16130256652832,13.18877124786377,25.05336570739746,13.088447570800781,-13.693217277526855,11.196388244628906,19.183334350585938,9.451458930969238,-10.949162483215332,8.809447288513184,4.6988396644592285,7.001852989196777,-9.768370628356934,6.765549659729004,-1.3952075242996216,5.72615909576416,-7.967051029205322,6.168961048126221,0.18414470553398132,5.909198760986328,-7.445850849151611,5.481408596038818
14576,Instrumental,data/processed/14576.wav,112.34714673913044,30.0,0.11644115298986435,0.059137724339962006,0.10461879293246903,0.07577641917686653,2040.1361248829223,1105.653204836887,1810.8680593619983,568.7861671923272,3714.177540876548,1914.1765603647034,1.7397109270095825,3.4163622856140137,0.2473234236240387,0.25760430097579956,0.24267956614494324,0.24415279924869537,0.4239158630371094,0.35134580731391907,0.3712572157382965,0.34173783659935,0.2058285027742386,0.17336687445640564,0.39029544591903687,0.3441355228424072,0.2820802330970764,0.265314519405365,0.1837378889322281,0.20517903566360474,0.2542116343975067,0.2836872935295105,0.3176509141921997,0.3342571556568146,0.29165640473365784,0.3112863600254059,0.21587984263896942,0.2669322192668915,-182.18572998046875,120.77044677734375,106.27889251708984,63.83395004272461,-26.430513381958008,28.777301788330078,34.15627670288086,14.130794525146484,-18.904884338378906,12.404223442077637,6.0915913581848145,8.468367576599121,-10.501388549804688,10.977474212646484,-8.951704025268555,16.179973602294922,-10.305191993713379,15.643207550048828,-2.926767587661743,9.399725914001465,-5.2207112312316895,11.190179824829102,-4.619865417480469,12.182666778564453,-4.434091091156006,11.187250137329102
14577,Instrumental,data/processed/14577.wav,184.5703125,30.0,0.20668698847293854,0.029688451439142227,0.054261198722910214,0.017596713271820275,981.3331682971074,394.1786008620483,1336.7429417151354,475.70194887964067,1876.3303207539184,1173.3032194528696,1.0625057220458984,1.2751544713974,0.14403149485588074,0.07546494901180267,0.10571783035993576,0.09457530826330185,0.10810830444097519,0.07778563350439072,0.18278652429580688,0.1426244080066681,0.13083526492118835,0.0841875895857811,0.38254451751708984,0.2753666639328003,0.8855850696563721,0.20522454380989075,0.3227909505367279,0.12328289449214935,0.20929878950119019,0.13383808732032776,0.22603854537010193,0.11792415380477905,0.4697311520576477,0.2991916239261627,0.3911483883857727,0.20469824969768524,-131.59548950195312,50.78555679321289,180.78662109375,37.349945068359375,4.728144645690918,13.063802719116211,35.61355209350586,10.01345157623291,-6.251430988311768,7.944613933563232,6.801821231842041,9.489239692687988,-22.056957244873047,7.820182800292969,-2.176053047180176,5.966862201690674,3.349309206008911,6.3511199951171875,-8.166159629821777,6.171960830688477,-16.386127471923828,5.843780040740967,5.168521881103516,6.047589302062988,5.953719139099121,5.112276554107666
14578,Instrumental,data/processed/14578.wav,123.046875,30.0,0.1961185187101364,0.055667225271463394,0.080575098563274,0.028822716388174557,1650.3163971580793,410.76918274421854,1746.8273384506278,318.51378245052314,3430.679255151896,903.7002889368598,1.043603539466858,1.1548782587051392,0.44961369037628174,0.29961010813713074,0.1634398102760315,0.09508699178695679,0.1919216513633728,0.1794348955154419,0.18214060366153717,0.10773572325706482,0.42568638920783997,0.2909991443157196,0.15524528920650482,0.15578162670135498,0.308773398399353,0.11118429154157639,0.8950125575065613,0.23362478613853455,0.2568660378456116,0.09659481793642044,0.1434994786977768,0.1876753568649292,0.10157053172588348,0.09932328015565872,0.2834257483482361,0.17127369344234467,-90.9907455444336,84.88408660888672,127.59021759033203,26.82015037536621,-30.74737548828125,16.62432098388672,51.44553756713867,10.431209564208984,-13.227983474731445,8.923688888549805,1.9091432094573975,5.952878475189209,-20.126710891723633,6.994678974151611,-3.645472288131714,6.5061936378479,-5.582448482513428,7.062598705291748,-14.310683250427246,6.687625885009766,-21.405004501342773,6.243553161621094,-3.1746671199798584,5.9803361892700195,-4.751206874847412,6.7982096672058105
666,International,data/processed/666.wav,129.19921875,30.0,0.24561484158039093,0.029014473780989647,0.07927276327883127,0.03483857453677127,1666.7376139023465,412.83839693455604,1729.4497299976042,235.11888829991338,3607.553185619437,833.7156290759644,1.0274815559387207,0.8475402593612671,0.4093221127986908,0.29219484329223633,0.24882479012012482,0.16396622359752655,0.3770653307437897,0.28123605251312256,0.6015270948410034,0.3275970220565796,0.45680108666419983,0.23853757977485657,0.5746862292289734,0.3469780683517456,0.30799031257629395,0.21317754685878754,0.24322032928466797,0.2337135374546051,0.2623230516910553,0.22586704790592194,0.24068741500377655,0.1726474165916443,0.3839522898197174,0.3080592751502991,0.3370765447616577,0.23276875913143158,-48.2731819152832,29.586755752563477,144.79200744628906,21.92853355407715,-41.919334411621094,10.346741676330566,58.836463928222656,9.820371627807617,-37.415435791015625,10.799928665161133,20.73479461669922,6.671023845672607,-17.524402618408203,6.975438594818115,8.564424514770508,5.92865514755249,-11.5978364944458,5.805642127990723,-6.900366306304932,6.495884418487549,-11.288267135620117,5.991146087646484,-9.749152183532715,5.563595771789551,-7.120269298553467,5.0577006340026855
667,International,data/processed/667.wav,117.45383522727273,30.0,0.1906048059463501,0.028610555455088615,0.11709150662732198,0.04798701573314161,2105.8025561882732,565.1526505872097,1913.5404511699655,293.2987511228575,4305.215633616728,1039.7429714187303,1.330414056777954,1.4642421007156372,0.37064921855926514,0.22310127317905426,0.43607357144355774,0.2647620737552643,0.48397108912467957,0.23585359752178192,0.6557995080947876,0.29301223158836365,0.4624723494052887,0.27301275730133057,0.5390726327896118,0.23889552056789398,0.7048198580741882,0.2565203309059143,0.527787446975708,0.2583842873573303,0.30565258860588074,0.2105456292629242,0.24065330624580383,0.19745786488056183,0.3197692334651947,0.2028360664844513,0.48019087314605713,0.27110913395881653,-46.68564987182617,42.21685791015625,125.98483276367188,32.418880462646484,-36.056400299072266,12.19389820098877,59.8174934387207,14.110906600952148,-48.215423583984375,8.589527130126953,23.737361907958984,7.1208086013793945,-18.861095428466797,7.035271644592285,7.321512699127197,5.214815139770508,-13.77393627166748,4.835066318511963,-2.100090980529785,5.470819473266602,-6.337872505187988,5.891148090362549,-0.9613180756568909,4.8646087646484375,-7.270294666290283,4.73583984375
704,International,data/processed/704.wav,135.99917763157896,30.0,0.21542537212371826,0.05253918096423149,0.11101898098877709,0.057002273689962635,3102.1368069306404,796.2757999344585,2956.656392384275,301.3373993079661,6765.284091252661,1406.2546407807529,1.6575005054473877,2.1653523445129395,0.46641695499420166,0.3458143472671509,0.39975646138191223,0.29534712433815,0.3887418508529663,0.32803624868392944,0.32305264472961426,0.27193135023117065,0.32813578844070435,0.25848931074142456,0.35462889075279236,0.3159432113170624,0.3871278464794159,0.2787320613861084,0.4657810926437378,0.34681764245033264,0.3874463438987732,0.28498712182044983,0.36656591296195984,0.30091696977615356,0.346144437789917,0.2776775062084198,0.4531160295009613,0.331337571144104,-46.39175033569336,59.46690368652344,50.950199127197266,20.86969757080078,0.848913311958313,13.101364135742188,22.67705726623535,13.96324634552002,20.421899795532227,14.376787185668945,15.074518203735352,10.84670639038086,0.22891594469547272,8.878340721130371,6.415004253387451,9.063543319702148,1.9584259986877441,8.015735626220703,7.851512432098389,7.892231464385986,0.5775709748268127,8.96539306640625,5.327950954437256,9.909255981445312,-4.383889675140381,7.933610916137695
705,International,data/processed/705.wav,92.28515625,30.0,0.26397302746772766,0.06904582679271698,0.10870304639125387,0.05251758595023902,3124.2293463663846,644.8423426311228,2918.139469516353,247.37690929244795,6782.450654115471,1007.6781292851846,1.8337130546569824,2.5280802249908447,0.37424975633621216,0.282174289226532,0.5256924033164978,0.3214593231678009,0.576621949672699,0.3339601755142212,0.4389025866985321,0.2792687714099884,0.4214254915714264,0.2987667918205261,0.3870287239551544,0.27674680948257446,0.44033217430114746,0.3004499673843384,0.3673135042190552,0.29620450735092163,0.3553388714790344,0.284980833530426,0.39820176362991333,0.31975820660591125,0.3265194594860077,0.24649406969547272,0.40266337990760803,0.3199746608734131,-29.321592330932617,60.741275787353516,51.13492965698242,21.063142776489258,3.9495656490325928,14.692854881286621,17.758312225341797,11.946808815002441,5.36381721496582,10.357979774475098,20.39521026611328,9.463611602783203,4.556087493896484,11.406026840209961,16.61372947692871,10.016443252563477,0.7270964980125427,8.223918914794922,2.7362313270568848,8.13974380493164,0.9363977909088135,7.366903781890869,9.46472454071045,6.904428005218506,-2.454206705093384,7.601269721984863
706,International,data/processed/706.wav,172.265625,30.0,0.26971784234046936,0.06857825070619583,0.14764423193208204,0.05723929459593136,3246.6049005735,645.2505215446251,2915.5052201140134,215.78881278637138,6772.242382510159,809.598142144884,1.5382286310195923,1.5675228834152222,0.4650942087173462,0.37551066279411316,0.3654564619064331,0.29800358414649963,0.3050364851951599,0.23777633905410767,0.4504108130931854,0.33837026357650757,0.3901776671409607,0.2728171944618225,0.40094688534736633,0.34309089183807373,0.33479222655296326,0.2649645209312439,0.39921385049819946,0.29805970191955566,0.42822685837745667,0.3390219807624817,0.34288084506988525,0.29835420846939087,0.29067736864089966,0.24751213192939758,0.30148059129714966,0.2522885203361511,-14.862178802490234,37.004150390625,53.34415054321289,21.0426082611084,19.95816421508789,13.319843292236328,27.810546875,15.582931518554688,0.18893007934093475,16.274261474609375,16.22357749938965,10.578474044799805,-13.590799331665039,11.151902198791504,9.752025604248047,9.195944786071777,2.0663468837738037,9.30788516998291,8.481008529663086,9.851609230041504,5.0386505126953125,9.227407455444336,1.3104263544082642,8.790610313415527,-3.4800682067871094,8.310354232788086
707,International,data/processed/707.wav,135.99917763157896,30.0,0.3446948528289795,0.039662860333919525,0.06118179179566564,0.02486628671004124,2329.682664966223,465.3774715464883,2270.7248143681813,358.1349762607704,4567.114049952835,922.901246942346,1.4054445028305054,1.460471749305725,0.19167423248291016,0.19481538236141205,0.3445507287979126,0.2898993492126465,0.41038763523101807,0.32316192984580994,0.42126938700675964,0.3293309509754181,0.5161289572715759,0.32832199335098267,0.5200605392456055,0.3547888398170471,0.47823840379714966,0.32266154885292053,0.4362804889678955,0.3374299108982086,0.4661142826080322,0.30507317185401917,0.44098779559135437,0.37100842595100403,0.2354261726140976,0.22026638686656952,0.21463985741138458,0.18029220402240753,-70.44571685791016,36.0263557434082,58.73601531982422,22.337087631225586,-18.90672492980957,22.772661209106445,72.51605224609375,15.13330078125,16.131816864013672,10.309164047241211,9.144862174987793,8.04024600982666,7.486776351928711,9.147418975830078,10.987696647644043,7.281864643096924,3.175138473510742,8.610369682312012,-0.5360370874404907,7.410928249359131,-6.3431878089904785,6.751081943511963,7.681775093078613,6.922740459442139,-7.076003551483154,7.527660369873047
708,International,data/processed/708.wav,172.265625,30.0,0.28359872102737427,0.07906223833560944,0.08380599361455109,0.04513143040103456,2246.172934720522,636.2560333694074,2646.954518797654,407.66198622084477,5266.9014851006195,1460.24363096543,1.8846596479415894,2.578218936920166,0.5525910258293152,0.3640602231025696,0.49198776483535767,0.292682021856308,0.49049028754234314,0.3231416344642639,0.2932245135307312,0.22244130074977875,0.2785559892654419,0.2493063062429428,0.2901151776313782,0.2342548370361328,0.3922891914844513,0.27742862701416016,0.49269434809684753,0.3425487279891968,0.45996353030204773,0.30927911400794983,0.4319281280040741,0.3131895959377289,0.44311457872390747,0.2978198528289795,0.5257533192634583,0.33282166719436646,-60.37400817871094,62.4783935546875,82.7338638305664,24.43999671936035,25.11079216003418,21.931724548339844,44.05157470703125,15.887243270874023,6.843601703643799,13.819103240966797,1.8918086290359497,10.341163635253906,0.1312234103679657,9.735068321228027,13.239507675170898,8.778491020202637,0.35827404260635376,8.3173828125,-0.9326598048210144,8.517939567565918,-2.6383235454559326,6.952884197235107,7.420713424682617,8.120793342590332,-0.8861703872680664,8.090398788452148
709,International,data/processed/709.wav,92.28515625,30.0,0.2302478551864624,0.07126882672309875,0.08797490264609133,0.04073024803931934,2288.0780002279294,715.584281026471,2514.7954340639944,424.6212414702308,5125.160675521236,1608.2315286314144,1.798292636871338,1.8803685903549194,0.36629462242126465,0.3339560925960541,0.32103946805000305,0.2749990224838257,0.4160994291305542,0.32204383611679077,0.4572138786315918,0.35343265533447266,0.28580453991889954,0.2629324793815613,0.28522780537605286,0.28217124938964844,0.34120866656303406,0.283694326877594,0.5156237483024597,0.37899693846702576,0.3380334973335266,0.2861233651638031,0.22404745221138,0.22806833684444427,0.22693949937820435,0.22239135205745697,0.2644491195678711,0.2519381046295166,-62.62224197387695,57.49565505981445,87.4568099975586,23.544490814208984,2.827181577682495,22.998794555664062,20.07352638244629,16.383502960205078,-1.0083237886428833,15.326101303100586,9.179028511047363,12.529111862182617,-12.274038314819336,13.55929183959961,5.405404567718506,12.449274063110352,-1.5523709058761597,11.294710159301758,4.345508098602295,13.500383377075195,5.62444543838501,11.948973655700684,7.611228942871094,9.589653968811035,-2.2034926414489746,10.297819137573242
853,International,data/processed/853.wav,143.5546875,30.0,0.17787061631679535,0.05229737237095833,0.06606951734229877,0.016559105622389287,1216.058049356783,144.48460476558873,1332.9940304674726,82.64139053519044,2223.6282206910314,331.5324424273067,1.006771445274353,0.5663706064224243,0.10825684666633606,0.17948763072490692,0.14140215516090393,0.13075153529644012,0.4096203148365021,0.40050649642944336,0.2261359691619873,0.16020932793617249,0.39736703038215637,0.37662509083747864,0.21999375522136688,0.25793561339378357,0.1427130401134491,0.19654826819896698,0.21122753620147705,0.27218812704086304,0.2846764326095581,0.3099075257778168,0.3872109055519104,0.3590620756149292,0.1665320247411728,0.19182080030441284,0.17765115201473236,0.2856687605381012,-134.70919799804688,22.265195846557617,160.29364013671875,10.279341697692871,-48.458866119384766,9.804234504699707,25.940608978271484,8.420531272888184,-27.497400283813477,7.821493625640869,3.851062536239624,7.262538909912109,-21.95225715637207,7.392333030700684,-11.499139785766602,7.417358875274658,-11.866815567016602,6.942673206329346,-19.817415237426758,6.835835933685303,-4.917769908905029,8.389059066772461,-18.037864685058594,8.729716300964355,-17.51967430114746,8.158099174499512
1082,International,data/processed/1082.wav,86.1328125,30.0,0.1431562304496765,0.0775102972984314,0.06461374383223684,0.01447584962133949,1017.978207650955,141.28653037688073,956.5151609594631,186.6662795778517,1504.5492355299439,349.09104474101673,1.4137934446334839,2.1618189811706543,0.15564164519309998,0.3064618706703186,0.1490238457918167,0.26653748750686646,0.17846116423606873,0.3233451545238495,0.06764145940542221,0.11248192936182022,0.05329545959830284,0.11178353428840637,0.1872628927230835,0.2810933291912079,0.36861199140548706,0.4209064841270447,0.27854225039482117,0.33788853883743286,0.26878705620765686,0.36176949739456177,0.25392892956733704,0.3863707184791565,0.10181493312120438,0.18617022037506104,0.1278323382139206,0.2906220555305481,-271.3013000488281,51.9541130065918,144.72425842285156,17.862455368041992,-26.723812103271484,22.760337829589844,-21.814260482788086,16.197229385375977,-12.05748462677002,9.308392524719238,-18.630563735961914,9.10586166381836,-8.776613235473633,6.215968132019043,-9.9514799118042,6.048338890075684,-16.485252380371094,7.333578586578369,-9.116517066955566,9.177022933959961,-4.3489532470703125,8.974629402160645,-14.151230812072754,9.01125717163086,-16.459510803222656,13.158870697021484
10,Pop,data/processed/10.wav,112.34714673913044,30.0,0.18442197144031525,0.04409085959196091,0.14889516919020898,0.028391332053201608,2357.8253597666067,382.2459299170959,2064.853106065207,347.3523682769604,4331.873805751741,848.2814462178392,1.1461966037750244,1.0066587924957275,0.2836810052394867,0.1672157496213913,0.6491543054580688,0.292690634727478,0.33051031827926636,0.16222572326660156,0.34718888998031616,0.25555920600891113,0.2313351035118103,0.1445593535900116,0.32340753078460693,0.1718844175338745,0.7008656859397888,0.28811025619506836,0.3390309810638428,0.1736762523651123,0.38092854619026184,0.27307483553886414,0.30899617075920105,0.21089091897010803,0.5697157979011536,0.28494125604629517,0.30734509229660034,0.19617757201194763,-18.796003341674805,28.84710121154785,93.63108825683594,20.564146041870117,-47.824546813964844,17.611364364624023,31.58940315246582,11.723729133605957,-3.7602698802948,11.228323936462402,1.4148788452148438,7.7183732986450195,-1.5119389295578003,8.089296340942383,1.8897323608398438,7.520017147064209,-4.517211437225342,7.665323257446289,-0.24109630286693573,6.6180830001831055,-8.494335174560547,6.927674770355225,1.5022268295288086,5.943166255950928,-5.68889856338501,6.060426235198975
213,Pop,data/processed/213.wav,143.5546875,30.0,0.10383240133523941,0.057983800768852234,0.05411758659055728,0.02647892163873351,1136.791781280554,633.4466485997779,1458.1734606637806,643.9624889765214,2124.6204860439243,1512.8266290143185,0.9039570093154907,0.8177111744880676,0.11951281130313873,0.12852743268013,0.18057365715503693,0.1741512417793274,0.31852149963378906,0.2827261984348297,0.09726216644048691,0.09331962466239929,0.07237444818019867,0.10684298723936081,0.22780242562294006,0.14227983355522156,0.6800404787063599,0.3445647656917572,0.19387364387512207,0.11950775980949402,0.28368642926216125,0.23552846908569336,0.6572504639625549,0.3162976801395416,0.26370537281036377,0.16674461960792542,0.2896091938018799,0.3760262727737427,-222.55142211914062,73.3426284790039,160.10342407226562,37.257877349853516,0.7535495162010193,22.81805992126465,14.8062744140625,15.233075141906738,12.249435424804688,9.356270790100098,-9.19189739227295,10.256231307983398,-10.552400588989258,7.196709632873535,0.7227718830108643,10.531522750854492,-8.013164520263672,8.810508728027344,-9.536534309387207,8.014004707336426,-11.438677787780762,8.201870918273926,-5.598103046417236,6.910409450531006,-4.2669997215271,6.649814605712891
821,Pop,data/processed/821.wav,103.359375,30.0,0.13175363838672638,0.08106974512338638,0.03449979138448142,0.055377602454179116,1309.2308509086224,1078.7697542349897,1875.2113769288778,744.2871095296827,2645.017339275348,2289.082466214676,1.5376899242401123,2.6248745918273926,0.504218578338623,0.23865154385566711,0.5107460618019104,0.25085902214050293,0.6344709992408752,0.3314301073551178,0.6922186613082886,0.3655058443546295,0.5045180916786194,0.2636289894580841,0.34160974621772766,0.25193241238594055,0.280654639005661,0.277063250541687,0.23030586540699005,0.25262123346328735,0.24087846279144287,0.2600252032279968,0.32353222370147705,0.3508179187774658,0.3576461374759674,0.30700433254241943,0.44677621126174927,0.24089907109737396,-277.6693115234375,124.27603149414062,103.58126831054688,44.01873779296875,30.954545974731445,34.50349044799805,34.9315071105957,18.2047176361084,16.93572235107422,14.330672264099121,8.757207870483398,17.36754035949707,11.317273139953613,11.116498947143555,8.505865097045898,12.383052825927734,4.930078983306885,12.088057518005371,11.400480270385742,11.836905479431152,2.9133713245391846,8.584941864013672,3.081995725631714,9.017207145690918,2.5084691047668457,7.87027645111084
822,Pop,data/processed/822.wav,60.09265988372093,30.0,0.18602846562862396,0.1087663546204567,0.04434024586397059,0.04205775444261065,1163.2845987019032,822.5774068884098,1671.6915487505073,727.3433805347073,2312.7360152017222,1987.8700881732495,1.5814735889434814,2.6799116134643555,0.4343903362751007,0.2744770646095276,0.3178889751434326,0.21209266781806946,0.3106174170970917,0.23803605139255524,0.3088696300983429,0.2586677074432373,0.36397069692611694,0.2613111734390259,0.543032169342041,0.33074072003364563,0.43048062920570374,0.27460789680480957,0.4390554130077362,0.2847791612148285,0.5171345472335815,0.3190176784992218,0.5915849208831787,0.32195571064949036,0.687193751335144,0.32621872425079346,0.5103153586387634,0.2649758756160736,-186.56936645507812,83.3205337524414,150.41928100585938,41.249881744384766,15.872747421264648,18.41187286376953,19.814376831054688,18.963863372802734,5.807408809661865,15.464597702026367,8.64889907836914,12.982491493225098,15.866307258605957,11.422479629516602,6.817642688751221,10.01857852935791,4.130260467529297,8.600645065307617,8.095847129821777,8.441187858581543,1.4145864248275757,7.9311699867248535,1.5944256782531738,8.4190673828125,1.8175052404403687,9.264181137084961
1642,Pop,data/processed/1642.wav,99.38401442307692,30.0,0.12334704399108887,0.05581028014421463,0.14619941829527863,0.06738826479189867,2882.4240210197145,899.6986675726434,2743.599677444002,478.41831861526634,6149.796146357392,1803.389080058011,1.5699005126953125,1.521053433418274,0.5614722967147827,0.34011733531951904,0.33503466844558716,0.23082800209522247,0.3554477095603943,0.2689199447631836,0.2947685420513153,0.21136745810508728,0.47258707880973816,0.32034340500831604,0.35737550258636475,0.2582688629627228,0.3148231506347656,0.21849286556243896,0.5307753086090088,0.33117786049842834,0.32577940821647644,0.2511310279369354,0.33922475576400757,0.28924161195755005,0.29400116205215454,0.2542649805545807,0.38435086607933044,0.24758867919445038,-75.17035675048828,57.59769821166992,78.49832916259766,30.560009002685547,0.8868452906608582,23.45391082763672,5.962368965148926,16.18219566345215,-4.182058334350586,16.006309509277344,4.26115608215332,12.423686027526855,-3.9404056072235107,10.291605949401855,2.566279649734497,8.806377410888672,-9.019623756408691,10.132637977600098,1.9866126775741577,8.134261131286621,-5.561792373657227,7.789119243621826,1.214934229850769,6.490283966064453,-3.6733813285827637,6.840429782867432
1644,Pop,data/processed/1644.wav,135.99917763157896,30.0,0.25718820095062256,0.05442472919821739,0.17149518370259287,0.05434731559990001,3157.586079138946,514.9059018037894,2850.7792870192743,210.49214941907567,6673.826310952012,782.0730945463536,1.1407694816589355,0.9488399028778076,0.5640074610710144,0.3373788595199585,0.4438129961490631,0.26782214641571045,0.4778071641921997,0.3491208255290985,0.39979833364486694,0.23780420422554016,0.5303942561149597,0.2877597510814667,0.4478342533111572,0.29786524176597595,0.3837944567203522,0.22522523999214172,0.35229045152664185,0.2568436861038208,0.3062962293624878,0.21133288741111755,0.3579941987991333,0.24005118012428284,0.33908089995384216,0.2310933917760849,0.4511808156967163,0.29378387331962585,25.844179153442383,27.25741958618164,64.03948211669922,16.85755157470703,2.882307529449463,14.365511894226074,18.072219848632812,10.537213325500488,-0.45111414790153503,9.72806167602539,10.876916885375977,7.86781120300293,-4.505807876586914,8.215863227844238,9.733545303344727,9.577682495117188,-2.956629753112793,6.505876541137695,9.577071189880371,6.559034824371338,2.921889543533325,6.2158989906311035,1.257089614868164,6.739654064178467,-5.176135063171387,6.867593288421631
1649,Pop,data/processed/1649.wav,123.046875,30.0,0.28018003702163696,0.03453180938959122,0.10454358552631579,0.01603638831385211,2111.439723630746,318.8616997047889,2419.397589633263,277.03557932413844,4655.471848998645,1021.1872436896684,1.3350443840026855,1.0901247262954712,0.6397750377655029,0.33519265055656433,0.4085462689399719,0.243827223777771,0.32083532214164734,0.17268343269824982,0.41573747992515564,0.335786908864975,0.34218886494636536,0.1641431748867035,0.42123129963874817,0.3551968038082123,0.3208490014076233,0.15832124650478363,0.522256076335907,0.24386797845363617,0.38600003719329834,0.20565547049045563,0.2904491722583771,0.18582794070243835,0.31252342462539673,0.21000146865844727,0.33225274085998535,0.1508578509092331,15.056317329406738,25.5380916595459,107.06566619873047,13.274703025817871,-6.825009346008301,10.114700317382812,13.084244728088379,8.282950401306152,2.1132407188415527,5.988665580749512,13.32697582244873,4.732823371887207,2.5967438220977783,5.290775299072266,6.008116245269775,6.018539905548096,-2.4492290019989014,5.557991981506348,7.484811782836914,5.339846134185791,-5.205110549926758,6.5026445388793945,0.9189028739929199,6.262766361236572,-8.926840782165527,5.957546234130859
1661,Pop,data/processed/1661.wav,161.4990234375,30.0,0.25249189138412476,0.0422523133456707,0.18124871504934212,0.0554327160810862,2962.666228131317,589.7559203825176,2567.760313964299,232.2547422811368,5818.381483709849,996.7774505883478,1.1775455474853516,0.9605810642242432,0.4069625735282898,0.23229756951332092,0.48056888580322266,0.24686256051063538,0.6194740533828735,0.27365636825561523,0.5067899823188782,0.22596703469753265,0.557846188545227,0.28071901202201843,0.45856109261512756,0.2291433960199356,0.45362311601638794,0.23605719208717346,0.3985387980937958,0.23238350450992584,0.44761285185813904,0.2376365214586258,0.5728922486305237,0.306077241897583,0.450762540102005,0.23768526315689087,0.4954048693180084,0.2598686218261719,36.7936897277832,30.159786224365234,69.0677490234375,23.04560089111328,-9.440343856811523,11.747261047363281,30.01544952392578,10.687776565551758,-6.562921047210693,9.979744911193848,10.285804748535156,6.931020736694336,-4.621176719665527,7.0869269371032715,1.6773443222045898,7.044044017791748,-6.218648910522461,5.7148356437683105,1.180924654006958,6.435189723968506,-0.8663555979728699,6.7832770347595215,2.6104965209960938,6.021669864654541,-6.460781097412109,6.247498512268066
1663,Pop,data/processed/1663.wav,161.4990234375,30.0,0.2060980498790741,0.0286104679107666,0.09026513823045666,0.02582377988279087,1884.6781827090467,301.1925640459594,1864.7676452897617,159.30211445132673,3849.801720775687,486.859893413922,1.1322492361068726,0.8909377455711365,0.5309072136878967,0.2841717600822449,0.4019598662853241,0.21520620584487915,0.4525403380393982,0.2444954365491867,0.5900287628173828,0.2549839913845062,0.7492832541465759,0.26682138442993164,0.598708987236023,0.26495665311813354,0.4448187053203583,0.24612052738666534,0.3952842652797699,0.2598700225353241,0.30117496848106384,0.18480239808559418,0.27404147386550903,0.20656873285770416,0.3274008333683014,0.2091047465801239,0.4913039207458496,0.24773751199245453,-63.21372985839844,24.666746139526367,113.46569061279297,16.570920944213867,-42.117591857910156,10.938039779663086,74.38685607910156,11.654377937316895,-3.0926668643951416,6.187953948974609,22.200313568115234,5.84175968170166,-3.4250147342681885,6.350244045257568,12.382219314575195,5.7020583152771,-2.5704498291015625,5.3946709632873535,11.563186645507812,5.3409342765808105,3.6543564796447754,5.432780742645264,5.0209197998046875,5.78495454788208,-3.7778971195220947,5.04993200302124
1666,Pop,data/processed/1666.wav,143.5546875,30.0,0.15749718248844147,0.03499492257833481,0.12059866607004643,0.04979747255973767,2162.93974462885,551.1138379751714,2055.8020035714544,300.95206733189025,4138.266643134433,1042.717841361307,1.274911642074585,1.4558826684951782,0.15062348544597626,0.16188529133796692,0.23994025588035583,0.26635128259658813,0.1984211802482605,0.1835658848285675,0.11641210317611694,0.1345478594303131,0.09242556244134903,0.1115993857383728,0.16777963936328888,0.14252136647701263,0.5618055462837219,0.35334011912345886,0.7307090163230896,0.3081755042076111,0.3095199763774872,0.20716576278209686,0.176191046833992,0.23038817942142487,0.22527220845222473,0.22337384521961212,0.26589319109916687,0.27384650707244873,-91.13632202148438,46.535709381103516,93.5237045288086,30.06589698791504,-27.074932098388672,28.434690475463867,38.40824508666992,12.4011869430542,-5.776065826416016,12.006878852844238,8.852566719055176,15.125746726989746,-5.449341773986816,8.80721664428711,6.225622177124023,9.400449752807617,-9.593024253845215,9.21800422668457,7.116789817810059,7.286375045776367,-11.924708366394043,9.3890380859375,-7.960488319396973,8.374231338500977,-6.915960311889648,6.575521945953369
182,Rock,data/processed/182.wav,143.5546875,30.0,0.2882648706436157,0.025964723899960518,0.1006055896865325,0.025270413788695396,1877.1970424415572,361.45141881288697,1750.603949026841,273.80116557262363,3949.8677823565695,806.6906519677773,1.195157527923584,0.8185895085334778,0.3079776465892792,0.27288877964019775,0.2949758470058441,0.24626664817333221,0.35784128308296204,0.26859188079833984,0.47864487767219543,0.33714061975479126,0.30991101264953613,0.22580093145370483,0.46404704451560974,0.3338286876678467,0.39192724227905273,0.28961870074272156,0.4526381492614746,0.34247756004333496,0.32163873314857483,0.24673649668693542,0.300280898809433,0.222873717546463,0.47741273045539856,0.3392912447452545,0.2766839861869812,0.21648599207401276,-21.428707122802734,25.784149169921875,136.475341796875,24.93470573425293,-60.46034622192383,19.143024444580078,43.276634216308594,9.560507774353027,-37.125038146972656,9.144364356994629,32.30759811401367,11.522963523864746,-4.252771854400635,9.320219993591309,13.66943645477295,8.46444320678711,12.085240364074707,8.027729988098145,7.213153839111328,7.305234909057617,12.299895286560059,6.952306747436523,12.262679100036621,6.502095699310303,3.3635175228118896,6.632668972015381
255,Rock,data/processed/255.wav,123.046875,30.0,0.15828803181648254,0.04913966357707977,0.06026116244195046,0.01912116323334569,1258.4252530506797,422.49887931647993,1527.8112318766016,415.3157455242885,2341.7858395414087,1107.2213501497183,1.3822786808013916,1.6030116081237793,0.265699565410614,0.23758570849895477,0.4362446665763855,0.27770668268203735,0.5227493643760681,0.32319363951683044,0.3372367024421692,0.236906036734581,0.34738239645957947,0.2825721502304077,0.27887284755706787,0.22234918177127838,0.35285282135009766,0.2758829593658447,0.2771020233631134,0.23499765992164612,0.36496877670288086,0.21926356852054596,0.6803529858589172,0.3407561480998993,0.42115986347198486,0.21143025159835815,0.3769126832485199,0.3106370270252228,-127.20924377441406,69.30399322509766,163.62368774414062,35.46249008178711,-20.820608139038086,23.533119201660156,17.839418411254883,11.344535827636719,-10.696476936340332,9.69305419921875,12.303495407104492,6.776772499084473,-9.265538215637207,7.619829177856445,-0.5701071619987488,6.842131614685059,-7.876033782958984,9.762114524841309,-1.8539553880691528,6.371949672698975,-2.6709094047546387,6.259946346282959,-2.8985278606414795,6.918095588684082,-4.5714192390441895,7.086549282073975
256,Rock,data/processed/256.wav,123.046875,30.0,0.2891455292701721,0.037262529134750366,0.11578728170955882,0.024102753691607328,2203.827092811358,327.2557432533069,2157.7340748626652,261.86410993496935,4256.490928248355,797.7215163380943,1.087708830833435,0.6397879123687744,0.49555954337120056,0.23399832844734192,0.5744044780731201,0.24051745235919952,0.6298087239265442,0.255501389503479,0.5701284408569336,0.2362307608127594,0.5158161520957947,0.23142537474632263,0.45477965474128723,0.22414831817150116,0.5049703121185303,0.2180195301771164,0.5481554865837097,0.2521662712097168,0.5455368757247925,0.23250766098499298,0.6085072755813599,0.25186681747436523,0.6493080258369446,0.25956210494041443,0.5096943974494934,0.22433723509311676,30.709501266479492,19.812625885009766,99.95916748046875,14.222453117370605,-33.61833190917969,12.322338104248047,34.162628173828125,9.857547760009766,3.0531187057495117,8.287351608276367,4.260451793670654,6.609424114227295,-1.8396563529968262,8.382821083068848,8.920087814331055,6.037827968597412,2.16023325920105,5.285163879394531,3.1747422218322754,6.26432991027832,-0.3822380602359772,6.269535064697266,4.827484130859375,5.145873546600342,1.9586151838302612,5.212769508361816
368,Rock,data/processed/368.wav,135.99917763157896,30.0,0.15931101143360138,0.05031311884522438,0.04673667884094427,0.06808934258679245,1531.7855382873474,865.366891737314,2345.04832548494,526.2163868277638,3205.830614780863,2353.3114638271095,1.2294046878814697,1.1950713396072388,0.23994289338588715,0.24024319648742676,0.23198877274990082,0.19645774364471436,0.4041014015674591,0.2700890302658081,0.5427743792533875,0.22363071143627167,0.8280273079872131,0.3197939097881317,0.629115879535675,0.2751834988594055,0.35231685638427734,0.2248450219631195,0.25348901748657227,0.24211570620536804,0.22291725873947144,0.20578788220882416,0.19935844838619232,0.20773498713970184,0.1853838860988617,0.16232609748840332,0.26563507318496704,0.21823278069496155,-182.72781372070312,57.86091995239258,116.2162094116211,39.66875457763672,46.26730728149414,33.97663879394531,17.727529525756836,17.63218879699707,21.099838256835938,11.461477279663086,20.022693634033203,10.582310676574707,-1.4158121347427368,10.517560958862305,13.114994049072266,6.759902000427246,0.3358752727508545,6.974106788635254,2.4992690086364746,6.931728363037109,2.855116844177246,6.35467529296875,8.909950256347656,6.529792308807373,-1.6279948949813843,5.9584150314331055
459,Rock,data/processed/459.wav,95.703125,30.0,0.32231763005256653,0.03993306681513786,0.06382387710429567,0.023524644228453125,1959.6712974184315,565.6507150808219,2375.5194295595284,441.3943756907094,4417.914952139367,1558.3056706817888,1.1271849870681763,0.9663217663764954,0.30177566409111023,0.12048632651567459,0.44590896368026733,0.16557654738426208,0.8623384237289429,0.21737271547317505,0.5545452833175659,0.19120238721370697,0.32754552364349365,0.175985187292099,0.36164140701293945,0.23280119895935059,0.4664227366447449,0.257529079914093,0.46217992901802063,0.29566657543182373,0.2944900393486023,0.17774799466133118,0.40784579515457153,0.2455223947763443,0.3050706684589386,0.1376158744096756,0.4965975880622864,0.2970980405807495,-7.360710620880127,28.099990844726562,109.18218994140625,24.52826690673828,-3.287458658218384,14.336445808410645,26.044897079467773,7.447486877441406,12.16438102722168,7.594670295715332,13.33007526397705,6.768365383148193,0.8743211627006531,6.1357269287109375,12.62869644165039,7.1951470375061035,1.267701268196106,6.16434907913208,7.235186576843262,4.644100666046143,-3.1542184352874756,5.117258548736572,3.875335216522217,4.012282371520996,-0.3393922448158264,4.204505920410156
574,Rock,data/processed/574.wav,123.046875,30.0,0.28666967153549194,0.04203510284423828,0.14388234991776316,0.0351913670363648,2625.3332162533848,513.0175852917105,2541.427554443306,359.10162626312757,5505.116711312403,1355.1832175594582,0.9898630380630493,0.5867082476615906,0.3587094247341156,0.21977737545967102,0.4069364070892334,0.2881702184677124,0.4062913954257965,0.23037679493427277,0.544409990310669,0.29048535227775574,0.4733239412307739,0.2850753366947174,0.39144229888916016,0.23238709568977356,0.45796066522598267,0.30692872405052185,0.42632177472114563,0.22221119701862335,0.5937134623527527,0.3079507648944855,0.44761425256729126,0.24618327617645264,0.39060619473457336,0.2674623727798462,0.39960888028144836,0.2765176594257355,38.49720764160156,22.960033416748047,84.72480010986328,20.88840675354004,-16.15474510192871,13.254473686218262,20.115310668945312,10.92463207244873,5.906081676483154,8.475310325622559,-2.111110210418701,7.13243293762207,-12.110274314880371,7.264930725097656,2.887507915496826,7.210138320922852,-6.886554718017578,6.59865665435791,3.727193593978882,6.558509826660156,-2.08156681060791,6.8570075035095215,0.6959904432296753,5.977081775665283,-7.731425762176514,5.318498611450195
690,Rock,data/processed/690.wav,135.99917763157896,30.0,0.30080416798591614,0.06417124718427658,0.12592667618034056,0.041685913506794306,2545.75401508093,359.0013349469926,2163.4004290811263,327.866188750604,4731.413056459221,707.5721245756573,1.2939172983169556,1.232421636581421,0.4448867738246918,0.24774429202079773,0.5113246440887451,0.26797911524772644,0.47248250246047974,0.2497381865978241,0.4351343810558319,0.22175295650959015,0.5204819440841675,0.24970151484012604,0.5574588775634766,0.25260651111602783,0.6136143207550049,0.2619519531726837,0.6260204315185547,0.3010372221469879,0.5513851642608643,0.2641920745372772,0.4987775981426239,0.23551759123802185,0.5246613025665283,0.28461816906929016,0.48784756660461426,0.28654128313064575,-1.771575689315796,35.839412689208984,67.0980453491211,17.548139572143555,-47.2671012878418,20.30069351196289,59.978084564208984,20.73638153076172,15.46767520904541,9.183271408081055,24.89791488647461,11.164313316345215,11.003204345703125,6.710572242736816,9.883408546447754,6.361821174621582,9.997735023498535,6.918297290802002,1.4174484014511108,5.520822525024414,-1.4803086519241333,5.537198543548584,7.4569807052612305,5.688884735107422,-2.6967852115631104,5.24227237701416
777,Rock,data/processed/777.wav,83.35433467741936,30.0,0.1284029632806778,0.09390084445476532,0.09505271321110681,0.06833845700511434,2431.0486783226884,757.8762812500628,2563.1289682649503,419.50408765121347,5304.009594046294,1423.2356716207264,1.5494253635406494,1.6558579206466675,0.2942310869693756,0.24305501580238342,0.3119606077671051,0.2435988336801529,0.44095537066459656,0.32642191648483276,0.42802274227142334,0.28521689772605896,0.40237993001937866,0.27952006459236145,0.47697368264198303,0.33695298433303833,0.4760085642337799,0.2925540506839752,0.5387181043624878,0.33289703726768494,0.49102920293807983,0.29792189598083496,0.46050596237182617,0.3167067766189575,0.38757455348968506,0.282371461391449,0.31557461619377136,0.25600293278694153,-154.14053344726562,94.35431671142578,82.31458282470703,30.558256149291992,11.359405517578125,24.273700714111328,29.36228370666504,16.940311431884766,1.9252890348434448,17.353412628173828,29.055301666259766,14.548623085021973,-0.5373386144638062,11.695022583007812,7.786717891693115,12.013838768005371,-0.21079076826572418,9.382214546203613,4.3470354080200195,9.810354232788086,1.5520410537719727,9.948902130126953,4.067285060882568,8.290450096130371,2.186992645263672,7.873918533325195
825,Rock,data/processed/825.wav,83.35433467741936,30.0,0.428047776222229,0.02305888757109642,0.1442156812354876,0.02025213204607497,2248.9769900260044,164.65749047573865,2087.3538021788413,76.67480716012118,4323.1238586614745,276.8265795830505,1.037888526916504,0.3921125531196594,0.42214059829711914,0.2596682608127594,0.43240121006965637,0.19669246673583984,0.6417416930198669,0.2604482173919678,0.6334280371665955,0.2504040598869324,0.4156917333602905,0.17617294192314148,0.3824854791164398,0.18692231178283691,0.48525527119636536,0.2146718055009842,0.6357004046440125,0.26768842339515686,0.5445420742034912,0.22606976330280304,0.6272519826889038,0.25602155923843384,0.6080948710441589,0.23656068742275238,0.38235893845558167,0.15469497442245483,81.51307678222656,11.584392547607422,102.86491394042969,9.576704978942871,-36.541473388671875,5.275389194488525,34.773502349853516,5.636013984680176,-9.221315383911133,5.220736980438232,9.281023025512695,5.216626167297363,-12.487871170043945,4.730058670043945,2.525768995285034,4.19627571105957,-13.95926284790039,4.841089725494385,2.671739101409912,4.296781539916992,-9.602104187011719,4.426074028015137,4.030960559844971,4.561471462249756,-5.814898490905762,4.902103424072266
993,Rock,data/processed/993.wav,129.19921875,30.0,0.2488125115633011,0.06659459322690964,0.11992595660797213,0.04187062199690529,2675.30032033036,484.02928084439986,2516.7115041966495,232.3253231140353,5467.0336082623835,733.9903644730437,1.5697542428970337,1.5461877584457397,0.6667556762695312,0.2853863537311554,0.6911487579345703,0.2809460461139679,0.561937689781189,0.24418456852436066,0.5044128894805908,0.2515030801296234,0.44932565093040466,0.23244847357273102,0.3935255706310272,0.2265118956565857,0.36390718817710876,0.23589865863323212,0.33207079768180847,0.18146862089633942,0.488430917263031,0.22556172311306,0.6085381507873535,0.28698569536209106,0.5539557337760925,0.22593989968299866,0.5748997926712036,0.24548253417015076,-34.534454345703125,39.70147705078125,58.99946975708008,16.70098304748535,4.242755889892578,16.141965866088867,70.33684539794922,12.00829029083252,7.373403072357178,8.041576385498047,10.1909818649292,10.134336471557617,-9.318023681640625,7.8383402824401855,14.968405723571777,7.463087558746338,0.41375112533569336,6.158081531524658,7.413393020629883,6.317523956298828,7.473119735717773,6.549558162689209,14.025067329406738,6.402079105377197,5.37474250793457,7.181084156036377
